device_id,ts,temperature,humidity,status,time_utc,time_ist,date,hour,temp_f,status_calc,is_alert,band,site,model,installed,days_since_install,roll6,delta,rank_in_device
A1,1790812800,22.0,57.0,OK,2026-10-01 00:00:00+00:00,2026-10-01 05:30:00+05:30,2026-10-01,5,71.6,OK,False,mild,Pune,M1,2025-03-01,579,22.0,,90.0
A1,1790814600,22.1,65.0,OK,2026-10-01 00:30:00+00:00,2026-10-01 06:00:00+05:30,2026-10-01,6,71.8,OK,False,mild,Pune,M1,2025-03-01,579,22.05,0.10000000000000142,85.0
A1,1790816400,21.7,32.0,OK,2026-10-01 01:00:00+00:00,2026-10-01 06:30:00+05:30,2026-10-01,6,71.1,OK,False,mild,Pune,M1,2025-03-01,579,21.93,-0.40000000000000213,93.0
A1,1790818200,22.0,42.0,OK,2026-10-01 01:30:00+00:00,2026-10-01 07:00:00+05:30,2026-10-01,7,71.6,OK,False,mild,Pune,M1,2025-03-01,579,21.95,0.3000000000000007,91.0
A1,1790820000,23.6,49.0,OK,2026-10-01 02:00:00+00:00,2026-10-01 07:30:00+05:30,2026-10-01,7,74.5,OK,False,mild,Pune,M1,2025-03-01,579,22.28,1.6000000000000014,51.0
A1,1790821800,23.2,62.0,OK,2026-10-01 02:30:00+00:00,2026-10-01 08:00:00+05:30,2026-10-01,8,73.8,OK,False,mild,Pune,M1,2025-03-01,579,22.43,-0.40000000000000213,64.0
A1,1790823600,23.4,62.0,OK,2026-10-01 03:00:00+00:00,2026-10-01 08:30:00+05:30,2026-10-01,8,74.1,OK,False,mild,Pune,M1,2025-03-01,579,22.67,0.1999999999999993,59.0
A1,1790825400,24.8,42.0,OK,2026-10-01 03:30:00+00:00,2026-10-01 09:00:00+05:30,2026-10-01,9,76.6,OK,False,mild,Pune,M1,2025-03-01,579,23.12,1.4000000000000021,18.0
A1,1790827200,24.8,69.0,OK,2026-10-01 04:00:00+00:00,2026-10-01 09:30:00+05:30,2026-10-01,9,76.6,OK,False,mild,Pune,M1,2025-03-01,579,23.63,0.0,19.0
A1,1790829000,24.7,47.0,OK,2026-10-01 04:30:00+00:00,2026-10-01 10:00:00+05:30,2026-10-01,10,76.5,OK,False,mild,Pune,M1,2025-03-01,579,24.08,-0.10000000000000142,25.0
A1,1790830800,25.7,50.0,OK,2026-10-01 05:00:00+00:00,2026-10-01 10:30:00+05:30,2026-10-01,10,78.3,OK,False,warm,Pune,M1,2025-03-01,579,24.43,1.0,9.0
A1,1790832600,24.4,69.0,OK,2026-10-01 05:30:00+00:00,2026-10-01 11:00:00+05:30,2026-10-01,11,75.9,OK,False,mild,Pune,M1,2025-03-01,579,24.63,-1.3000000000000007,32.0
A1,1790834400,22.7,43.0,OK,2026-10-01 06:00:00+00:00,2026-10-01 11:30:00+05:30,2026-10-01,11,72.9,OK,False,mild,Pune,M1,2025-03-01,579,24.52,-1.6999999999999993,72.0
A1,1790836200,22.8,69.0,OK,2026-10-01 06:30:00+00:00,2026-10-01 12:00:00+05:30,2026-10-01,12,73.0,OK,False,mild,Pune,M1,2025-03-01,579,24.18,0.10000000000000142,69.0
A1,1790838000,24.6,64.0,OK,2026-10-01 07:00:00+00:00,2026-10-01 12:30:00+05:30,2026-10-01,12,76.3,OK,False,mild,Pune,M1,2025-03-01,579,24.15,1.8000000000000007,26.0
A1,1790839800,25.1,54.0,OK,2026-10-01 07:30:00+00:00,2026-10-01 13:00:00+05:30,2026-10-01,13,77.2,OK,False,warm,Pune,M1,2025-03-01,579,24.22,0.5,15.0
A1,1790841600,24.8,35.0,OK,2026-10-01 08:00:00+00:00,2026-10-01 13:30:00+05:30,2026-10-01,13,76.6,OK,False,mild,Pune,M1,2025-03-01,579,24.07,-0.3000000000000007,20.0
A1,1790843400,21.4,50.0,OK,2026-10-01 08:30:00+00:00,2026-10-01 14:00:00+05:30,2026-10-01,14,70.5,OK,False,mild,Pune,M1,2025-03-01,579,23.57,-3.400000000000002,106.0
A1,1790845200,23.5,62.0,OK,2026-10-01 09:00:00+00:00,2026-10-01 14:30:00+05:30,2026-10-01,14,74.3,OK,False,mild,Pune,M1,2025-03-01,579,23.7,2.1000000000000014,56.0
A1,1790847000,24.0,55.0,OK,2026-10-01 09:30:00+00:00,2026-10-01 15:00:00+05:30,2026-10-01,15,75.2,OK,False,mild,Pune,M1,2025-03-01,579,23.9,0.5,42.0
A1,1790848800,21.7,45.0,OK,2026-10-01 10:00:00+00:00,2026-10-01 15:30:00+05:30,2026-10-01,15,71.1,OK,False,mild,Pune,M1,2025-03-01,579,23.42,-2.3000000000000007,94.0
A1,1790850600,23.3,39.0,OK,2026-10-01 10:30:00+00:00,2026-10-01 16:00:00+05:30,2026-10-01,16,73.9,OK,False,mild,Pune,M1,2025-03-01,579,23.12,1.6000000000000014,63.0
A1,1790852400,21.6,68.0,OK,2026-10-01 11:00:00+00:00,2026-10-01 16:30:00+05:30,2026-10-01,16,70.9,OK,False,mild,Pune,M1,2025-03-01,579,22.58,-1.6999999999999993,96.0
A1,1790854200,23.7,57.0,OK,2026-10-01 11:30:00+00:00,2026-10-01 17:00:00+05:30,2026-10-01,17,74.7,OK,False,mild,Pune,M1,2025-03-01,579,22.97,2.099999999999998,49.0
A1,1790856000,21.0,49.0,OK,2026-10-01 12:00:00+00:00,2026-10-01 17:30:00+05:30,2026-10-01,17,69.8,OK,False,mild,Pune,M1,2025-03-01,579,22.55,-2.6999999999999993,114.0
A1,1790857800,22.7,30.0,OK,2026-10-01 12:30:00+00:00,2026-10-01 18:00:00+05:30,2026-10-01,18,72.9,OK,False,mild,Pune,M1,2025-03-01,579,22.33,1.6999999999999993,73.0
A1,1790859600,20.5,51.0,OK,2026-10-01 13:00:00+00:00,2026-10-01 18:30:00+05:30,2026-10-01,18,68.9,OK,False,mild,Pune,M1,2025-03-01,579,22.13,-2.1999999999999993,132.0
A1,1790861400,21.0,40.0,OK,2026-10-01 13:30:00+00:00,2026-10-01 19:00:00+05:30,2026-10-01,19,69.8,OK,False,mild,Pune,M1,2025-03-01,579,21.75,0.5,115.0
A1,1790863200,20.6,67.0,OK,2026-10-01 14:00:00+00:00,2026-10-01 19:30:00+05:30,2026-10-01,19,69.1,OK,False,mild,Pune,M1,2025-03-01,579,21.58,-0.3999999999999986,130.0
A1,1790865000,20.3,63.0,OK,2026-10-01 14:30:00+00:00,2026-10-01 20:00:00+05:30,2026-10-01,20,68.5,OK,False,mild,Pune,M1,2025-03-01,579,21.02,-0.3000000000000007,136.0
A1,1790866800,21.5,48.0,OK,2026-10-01 15:00:00+00:00,2026-10-01 20:30:00+05:30,2026-10-01,20,70.7,OK,False,mild,Pune,M1,2025-03-01,579,21.1,1.1999999999999993,102.0
A1,1790868600,20.7,33.0,OK,2026-10-01 15:30:00+00:00,2026-10-01 21:00:00+05:30,2026-10-01,21,69.3,OK,False,mild,Pune,M1,2025-03-01,579,20.77,-0.8000000000000007,127.0
A1,1790870400,19.5,54.0,OK,2026-10-01 16:00:00+00:00,2026-10-01 21:30:00+05:30,2026-10-01,21,67.1,OK,False,cold,Pune,M1,2025-03-01,579,20.6,-1.1999999999999993,165.0
A1,1790872200,21.6,64.0,OK,2026-10-01 16:30:00+00:00,2026-10-01 22:00:00+05:30,2026-10-01,22,70.9,OK,False,mild,Pune,M1,2025-03-01,579,20.7,2.1000000000000014,97.0
A1,1790874000,21.6,34.0,OK,2026-10-01 17:00:00+00:00,2026-10-01 22:30:00+05:30,2026-10-01,22,70.9,OK,False,mild,Pune,M1,2025-03-01,579,20.87,0.0,98.0
A1,1790875800,19.1,32.0,OK,2026-10-01 17:30:00+00:00,2026-10-01 23:00:00+05:30,2026-10-01,23,66.4,OK,False,cold,Pune,M1,2025-03-01,579,20.67,-2.5,171.0
A1,1790877600,19.7,39.0,OK,2026-10-01 18:00:00+00:00,2026-10-01 23:30:00+05:30,2026-10-01,23,67.5,OK,False,cold,Pune,M1,2025-03-01,579,20.37,0.5999999999999979,154.0
A1,1790879400,19.8,36.0,OK,2026-10-01 18:30:00+00:00,2026-10-02 00:00:00+05:30,2026-10-02,0,67.6,OK,False,cold,Pune,M1,2025-03-01,579,20.22,0.10000000000000142,153.0
A1,1790881200,19.0,53.0,OK,2026-10-01 19:00:00+00:00,2026-10-02 00:30:00+05:30,2026-10-02,0,66.2,OK,False,cold,Pune,M1,2025-03-01,579,20.13,-0.8000000000000007,175.0
A1,1790883000,21.0,69.0,OK,2026-10-01 19:30:00+00:00,2026-10-02 01:00:00+05:30,2026-10-02,1,69.8,OK,False,mild,Pune,M1,2025-03-01,579,20.03,2.0,116.0
A1,1790884800,18.6,47.0,OK,2026-10-01 20:00:00+00:00,2026-10-02 01:30:00+05:30,2026-10-02,1,65.5,OK,False,cold,Pune,M1,2025-03-01,579,19.53,-2.3999999999999986,181.0
A1,1790886600,19.1,55.0,OK,2026-10-01 20:30:00+00:00,2026-10-02 02:00:00+05:30,2026-10-02,2,66.4,OK,False,cold,Pune,M1,2025-03-01,579,19.53,0.5,172.0
A1,1790888400,20.0,52.0,OK,2026-10-01 21:00:00+00:00,2026-10-02 02:30:00+05:30,2026-10-02,2,68.0,OK,False,cold,Pune,M1,2025-03-01,579,19.58,0.8999999999999986,148.0
A1,1790890200,19.5,47.0,OK,2026-10-01 21:30:00+00:00,2026-10-02 03:00:00+05:30,2026-10-02,3,67.1,OK,False,cold,Pune,M1,2025-03-01,579,19.53,-0.5,166.0
A1,1790892000,20.3,63.0,OK,2026-10-01 22:00:00+00:00,2026-10-02 03:30:00+05:30,2026-10-02,3,68.5,OK,False,mild,Pune,M1,2025-03-01,579,19.75,0.8000000000000007,137.0
A1,1790893800,22.2,33.0,OK,2026-10-01 22:30:00+00:00,2026-10-02 04:00:00+05:30,2026-10-02,4,72.0,OK,False,mild,Pune,M1,2025-03-01,579,19.95,1.8999999999999986,84.0
A1,1790895600,19.6,30.0,OK,2026-10-01 23:00:00+00:00,2026-10-02 04:30:00+05:30,2026-10-02,4,67.3,OK,False,cold,Pune,M1,2025-03-01,579,20.12,-2.599999999999998,157.0
A1,1790897400,22.4,56.0,OK,2026-10-01 23:30:00+00:00,2026-10-02 05:00:00+05:30,2026-10-02,5,72.3,OK,False,mild,Pune,M1,2025-03-01,579,20.67,2.799999999999997,80.0
A1,1790899200,19.6,33.0,OK,2026-10-02 00:00:00+00:00,2026-10-02 05:30:00+05:30,2026-10-02,5,67.3,OK,False,cold,Pune,M1,2025-03-01,580,20.6,-2.799999999999997,158.0
A1,1790901000,22.3,56.0,OK,2026-10-02 00:30:00+00:00,2026-10-02 06:00:00+05:30,2026-10-02,6,72.1,OK,False,mild,Pune,M1,2025-03-01,580,21.07,2.6999999999999993,83.0
A1,1790902800,24.3,49.0,OK,2026-10-02 01:00:00+00:00,2026-10-02 06:30:00+05:30,2026-10-02,6,75.7,OK,False,mild,Pune,M1,2025-03-01,580,21.73,2.0,33.0
A1,1790904600,22.8,67.0,OK,2026-10-02 01:30:00+00:00,2026-10-02 07:00:00+05:30,2026-10-02,7,73.0,OK,False,mild,Pune,M1,2025-03-01,580,21.83,-1.5,70.0
A1,1790906400,23.1,41.0,OK,2026-10-02 02:00:00+00:00,2026-10-02 07:30:00+05:30,2026-10-02,7,73.6,OK,False,mild,Pune,M1,2025-03-01,580,22.42,0.3000000000000007,65.0
A1,1790908200,25.7,35.0,OK,2026-10-02 02:30:00+00:00,2026-10-02 08:00:00+05:30,2026-10-02,8,78.3,OK,False,warm,Pune,M1,2025-03-01,580,22.97,2.599999999999998,10.0
A1,1790910000,23.6,39.0,OK,2026-10-02 03:00:00+00:00,2026-10-02 08:30:00+05:30,2026-10-02,8,74.5,OK,False,mild,Pune,M1,2025-03-01,580,23.63,-2.099999999999998,52.0
A1,1790911800,24.8,52.0,OK,2026-10-02 03:30:00+00:00,2026-10-02 09:00:00+05:30,2026-10-02,9,76.6,OK,False,mild,Pune,M1,2025-03-01,580,24.05,1.1999999999999993,21.0
A1,1790913600,24.5,68.0,OK,2026-10-02 04:00:00+00:00,2026-10-02 09:30:00+05:30,2026-10-02,9,76.1,OK,False,mild,Pune,M1,2025-03-01,580,24.08,-0.3000000000000007,27.0
A1,1790915400,23.4,55.0,OK,2026-10-02 04:30:00+00:00,2026-10-02 10:00:00+05:30,2026-10-02,10,74.1,OK,False,mild,Pune,M1,2025-03-01,580,24.18,-1.1000000000000014,60.0
A1,1790917200,24.9,69.0,OK,2026-10-02 05:00:00+00:00,2026-10-02 10:30:00+05:30,2026-10-02,10,76.8,OK,False,mild,Pune,M1,2025-03-01,580,24.48,1.5,17.0
A1,1790919000,26.4,46.0,OK,2026-10-02 05:30:00+00:00,2026-10-02 11:00:00+05:30,2026-10-02,11,79.5,OK,False,warm,Pune,M1,2025-03-01,580,24.6,1.5,3.0
A1,1790920800,25.8,68.0,OK,2026-10-02 06:00:00+00:00,2026-10-02 11:30:00+05:30,2026-10-02,11,78.4,OK,False,warm,Pune,M1,2025-03-01,580,24.97,-0.5999999999999979,5.0
A1,1790922600,25.8,65.0,OK,2026-10-02 06:30:00+00:00,2026-10-02 12:00:00+05:30,2026-10-02,12,78.4,OK,False,warm,Pune,M1,2025-03-01,580,25.13,0.0,6.0
A1,1790924400,24.5,49.0,OK,2026-10-02 07:00:00+00:00,2026-10-02 12:30:00+05:30,2026-10-02,12,76.1,OK,False,mild,Pune,M1,2025-03-01,580,25.13,-1.3000000000000007,28.0
A1,1790926200,24.8,42.0,OK,2026-10-02 07:30:00+00:00,2026-10-02 13:00:00+05:30,2026-10-02,13,76.6,OK,False,mild,Pune,M1,2025-03-01,580,25.37,0.3000000000000007,22.0
A1,1790928000,25.3,58.0,OK,2026-10-02 08:00:00+00:00,2026-10-02 13:30:00+05:30,2026-10-02,13,77.5,OK,False,warm,Pune,M1,2025-03-01,580,25.43,0.5,12.0
A1,1790929800,24.8,44.0,OK,2026-10-02 08:30:00+00:00,2026-10-02 14:00:00+05:30,2026-10-02,14,76.6,OK,False,mild,Pune,M1,2025-03-01,580,25.17,-0.5,23.0
A1,1790931600,24.8,46.0,OK,2026-10-02 09:00:00+00:00,2026-10-02 14:30:00+05:30,2026-10-02,14,76.6,OK,False,mild,Pune,M1,2025-03-01,580,25.0,0.0,24.0
A1,1790933400,23.5,68.0,OK,2026-10-02 09:30:00+00:00,2026-10-02 15:00:00+05:30,2026-10-02,15,74.3,OK,False,mild,Pune,M1,2025-03-01,580,24.62,-1.3000000000000007,57.0
A1,1790935200,22.4,33.0,OK,2026-10-02 10:00:00+00:00,2026-10-02 15:30:00+05:30,2026-10-02,15,72.3,OK,False,mild,Pune,M1,2025-03-01,580,24.27,-1.1000000000000014,81.0
A1,1790937000,25.8,50.0,OK,2026-10-02 10:30:00+00:00,2026-10-02 16:00:00+05:30,2026-10-02,16,78.4,OK,False,warm,Pune,M1,2025-03-01,580,24.43,3.400000000000002,7.0
A1,1790938800,21.8,32.0,OK,2026-10-02 11:00:00+00:00,2026-10-02 16:30:00+05:30,2026-10-02,16,71.2,OK,False,mild,Pune,M1,2025-03-01,580,23.85,-4.0,92.0
A1,1790940600,22.6,53.0,OK,2026-10-02 11:30:00+00:00,2026-10-02 17:00:00+05:30,2026-10-02,17,72.7,OK,False,mild,Pune,M1,2025-03-01,580,23.48,0.8000000000000007,75.0
A1,1790942400,22.6,66.0,OK,2026-10-02 12:00:00+00:00,2026-10-02 17:30:00+05:30,2026-10-02,17,72.7,OK,False,mild,Pune,M1,2025-03-01,580,23.12,0.0,76.0
A1,1790944200,21.4,53.0,OK,2026-10-02 12:30:00+00:00,2026-10-02 18:00:00+05:30,2026-10-02,18,70.5,OK,False,mild,Pune,M1,2025-03-01,580,22.77,-1.2000000000000028,107.0
A1,1790946000,22.1,69.0,OK,2026-10-02 13:00:00+00:00,2026-10-02 18:30:00+05:30,2026-10-02,18,71.8,OK,False,mild,Pune,M1,2025-03-01,580,22.72,0.7000000000000028,86.0
A1,1790947800,19.6,36.0,OK,2026-10-02 13:30:00+00:00,2026-10-02 19:00:00+05:30,2026-10-02,19,67.3,OK,False,cold,Pune,M1,2025-03-01,580,21.68,-2.5,159.0
A1,1790949600,20.4,53.0,OK,2026-10-02 14:00:00+00:00,2026-10-02 19:30:00+05:30,2026-10-02,19,68.7,OK,False,mild,Pune,M1,2025-03-01,580,21.45,0.7999999999999972,133.0
A1,1790951400,18.9,60.0,OK,2026-10-02 14:30:00+00:00,2026-10-02 20:00:00+05:30,2026-10-02,20,66.0,OK,False,cold,Pune,M1,2025-03-01,580,20.83,-1.5,177.0
A1,1790953200,20.2,63.0,OK,2026-10-02 15:00:00+00:00,2026-10-02 20:30:00+05:30,2026-10-02,20,68.4,OK,False,mild,Pune,M1,2025-03-01,580,20.43,1.3000000000000007,140.0
A1,1790955000,20.8,46.0,OK,2026-10-02 15:30:00+00:00,2026-10-02 21:00:00+05:30,2026-10-02,21,69.4,OK,False,mild,Pune,M1,2025-03-01,580,20.33,0.6000000000000014,121.0
A1,1790956800,20.8,64.0,OK,2026-10-02 16:00:00+00:00,2026-10-02 21:30:00+05:30,2026-10-02,21,69.4,OK,False,mild,Pune,M1,2025-03-01,580,20.12,0.0,122.0
A1,1790958600,18.5,55.0,OK,2026-10-02 16:30:00+00:00,2026-10-02 22:00:00+05:30,2026-10-02,22,65.3,OK,False,cold,Pune,M1,2025-03-01,580,19.93,-2.3000000000000007,183.0
A1,1790960400,19.0,33.0,OK,2026-10-02 17:00:00+00:00,2026-10-02 22:30:00+05:30,2026-10-02,22,66.2,OK,False,cold,Pune,M1,2025-03-01,580,19.7,0.5,176.0
A1,1790962200,17.7,59.0,OK,2026-10-02 17:30:00+00:00,2026-10-02 23:00:00+05:30,2026-10-02,23,63.9,OK,False,cold,Pune,M1,2025-03-01,580,19.5,-1.3000000000000007,188.0
A1,1790964000,19.4,66.0,OK,2026-10-02 18:00:00+00:00,2026-10-02 23:30:00+05:30,2026-10-02,23,66.9,OK,False,cold,Pune,M1,2025-03-01,580,19.37,1.6999999999999993,168.0
A1,1790965800,20.0,44.0,OK,2026-10-02 18:30:00+00:00,2026-10-03 00:00:00+05:30,2026-10-03,0,68.0,OK,False,cold,Pune,M1,2025-03-01,580,19.23,0.6000000000000014,149.0
A1,1790967600,17.0,53.0,OK,2026-10-02 19:00:00+00:00,2026-10-03 00:30:00+05:30,2026-10-03,0,62.6,OK,False,cold,Pune,M1,2025-03-01,580,18.6,-3.0,192.0
A1,1790969400,18.2,67.0,OK,2026-10-02 19:30:00+00:00,2026-10-03 01:00:00+05:30,2026-10-03,1,64.8,OK,False,cold,Pune,M1,2025-03-01,580,18.55,1.1999999999999993,185.0
A1,1790971200,20.3,35.0,OK,2026-10-02 20:00:00+00:00,2026-10-03 01:30:00+05:30,2026-10-03,1,68.5,OK,False,mild,Pune,M1,2025-03-01,580,18.77,2.1000000000000014,138.0
A1,1790973000,17.8,40.0,OK,2026-10-02 20:30:00+00:00,2026-10-03 02:00:00+05:30,2026-10-03,2,64.0,OK,False,cold,Pune,M1,2025-03-01,580,18.78,-2.5,187.0
A1,1790974800,21.4,38.0,OK,2026-10-02 21:00:00+00:00,2026-10-03 02:30:00+05:30,2026-10-03,2,70.5,OK,False,mild,Pune,M1,2025-03-01,580,19.12,3.599999999999998,108.0
A1,1790976600,20.1,69.0,OK,2026-10-02 21:30:00+00:00,2026-10-03 03:00:00+05:30,2026-10-03,3,68.2,OK,False,mild,Pune,M1,2025-03-01,580,19.13,-1.2999999999999972,143.0
A1,1790978400,20.2,65.0,OK,2026-10-02 22:00:00+00:00,2026-10-03 03:30:00+05:30,2026-10-03,3,68.4,OK,False,mild,Pune,M1,2025-03-01,580,19.67,0.09999999999999787,141.0
A1,1790980200,19.7,65.0,OK,2026-10-02 22:30:00+00:00,2026-10-03 04:00:00+05:30,2026-10-03,4,67.5,OK,False,cold,Pune,M1,2025-03-01,580,19.92,-0.5,155.0
A1,1790982000,22.5,63.0,OK,2026-10-02 23:00:00+00:00,2026-10-03 04:30:00+05:30,2026-10-03,4,72.5,OK,False,mild,Pune,M1,2025-03-01,580,20.28,2.8000000000000007,78.0
A1,1790983800,21.5,47.0,OK,2026-10-02 23:30:00+00:00,2026-10-03 05:00:00+05:30,2026-10-03,5,70.7,OK,False,mild,Pune,M1,2025-03-01,580,20.9,-1.0,103.0
A1,1790985600,21.0,58.0,OK,2026-10-03 00:00:00+00:00,2026-10-03 05:30:00+05:30,2026-10-03,5,69.8,OK,False,mild,Pune,M1,2025-03-01,581,20.83,-0.5,117.0
A1,1790987400,20.9,66.0,OK,2026-10-03 00:30:00+00:00,2026-10-03 06:00:00+05:30,2026-10-03,6,69.6,OK,False,mild,Pune,M1,2025-03-01,581,20.97,-0.10000000000000142,119.0
A1,1790989200,24.3,53.0,OK,2026-10-03 01:00:00+00:00,2026-10-03 06:30:00+05:30,2026-10-03,6,75.7,OK,False,mild,Pune,M1,2025-03-01,581,21.65,3.400000000000002,34.0
A1,1790991000,24.3,50.0,OK,2026-10-03 01:30:00+00:00,2026-10-03 07:00:00+05:30,2026-10-03,7,75.7,OK,False,mild,Pune,M1,2025-03-01,581,22.42,0.0,35.0
A1,1790992800,23.5,61.0,OK,2026-10-03 02:00:00+00:00,2026-10-03 07:30:00+05:30,2026-10-03,7,74.3,OK,False,mild,Pune,M1,2025-03-01,581,22.58,-0.8000000000000007,58.0
A1,1790994600,23.4,62.0,OK,2026-10-03 02:30:00+00:00,2026-10-03 08:00:00+05:30,2026-10-03,8,74.1,OK,False,mild,Pune,M1,2025-03-01,581,22.9,-0.10000000000000142,61.0
A1,1790996400,23.4,35.0,OK,2026-10-03 03:00:00+00:00,2026-10-03 08:30:00+05:30,2026-10-03,8,74.1,OK,False,mild,Pune,M1,2025-03-01,581,23.3,0.0,62.0
A1,1790998200,26.1,55.0,OK,2026-10-03 03:30:00+00:00,2026-10-03 09:00:00+05:30,2026-10-03,9,79.0,OK,False,warm,Pune,M1,2025-03-01,581,24.17,2.700000000000003,4.0
A1,1791000000,24.1,54.0,OK,2026-10-03 04:00:00+00:00,2026-10-03 09:30:00+05:30,2026-10-03,9,75.4,OK,False,mild,Pune,M1,2025-03-01,581,24.13,-2.0,38.0
A1,1791001800,23.1,45.0,OK,2026-10-03 04:30:00+00:00,2026-10-03 10:00:00+05:30,2026-10-03,10,73.6,OK,False,mild,Pune,M1,2025-03-01,581,23.93,-1.0,66.0
A1,1791003600,23.9,48.0,OK,2026-10-03 05:00:00+00:00,2026-10-03 10:30:00+05:30,2026-10-03,10,75.0,OK,False,mild,Pune,M1,2025-03-01,581,24.0,0.7999999999999972,47.0
A1,1791005400,24.2,53.0,OK,2026-10-03 05:30:00+00:00,2026-10-03 11:00:00+05:30,2026-10-03,11,75.6,OK,False,mild,Pune,M1,2025-03-01,581,24.13,0.3000000000000007,37.0
A1,1791007200,23.7,53.0,OK,2026-10-03 06:00:00+00:00,2026-10-03 11:30:00+05:30,2026-10-03,11,74.7,OK,False,mild,Pune,M1,2025-03-01,581,24.18,-0.5,50.0
A1,1791009000,24.1,34.0,OK,2026-10-03 06:30:00+00:00,2026-10-03 12:00:00+05:30,2026-10-03,12,75.4,OK,False,mild,Pune,M1,2025-03-01,581,23.85,0.40000000000000213,39.0
A1,1791010800,26.6,36.0,OK,2026-10-03 07:00:00+00:00,2026-10-03 12:30:00+05:30,2026-10-03,12,79.9,OK,False,warm,Pune,M1,2025-03-01,581,24.27,2.5,2.0
A1,1791012600,24.5,53.0,OK,2026-10-03 07:30:00+00:00,2026-10-03 13:00:00+05:30,2026-10-03,13,76.1,OK,False,mild,Pune,M1,2025-03-01,581,24.5,-2.1000000000000014,29.0
A1,1791014400,23.8,35.0,OK,2026-10-03 08:00:00+00:00,2026-10-03 13:30:00+05:30,2026-10-03,13,74.8,OK,False,mild,Pune,M1,2025-03-01,581,24.48,-0.6999999999999993,48.0
A1,1791016200,25.3,68.0,OK,2026-10-03 08:30:00+00:00,2026-10-03 14:00:00+05:30,2026-10-03,14,77.5,OK,False,warm,Pune,M1,2025-03-01,581,24.67,1.5,13.0
A1,1791018000,24.1,46.0,OK,2026-10-03 09:00:00+00:00,2026-10-03 14:30:00+05:30,2026-10-03,14,75.4,OK,False,mild,Pune,M1,2025-03-01,581,24.73,-1.1999999999999993,40.0
A1,1791019800,22.9,55.0,OK,2026-10-03 09:30:00+00:00,2026-10-03 15:00:00+05:30,2026-10-03,15,73.2,OK,False,mild,Pune,M1,2025-03-01,581,24.53,-1.2000000000000028,68.0
A1,1791021600,24.0,57.0,OK,2026-10-03 10:00:00+00:00,2026-10-03 15:30:00+05:30,2026-10-03,15,75.2,OK,False,mild,Pune,M1,2025-03-01,581,24.1,1.1000000000000014,43.0
A1,1791023400,23.0,46.0,OK,2026-10-03 10:30:00+00:00,2026-10-03 16:00:00+05:30,2026-10-03,16,73.4,OK,False,mild,Pune,M1,2025-03-01,581,23.85,-1.0,67.0
A1,1791025200,21.4,65.0,OK,2026-10-03 11:00:00+00:00,2026-10-03 16:30:00+05:30,2026-10-03,16,70.5,OK,False,mild,Pune,M1,2025-03-01,581,23.45,-1.6000000000000014,109.0
A1,1791027000,24.0,59.0,OK,2026-10-03 11:30:00+00:00,2026-10-03 17:00:00+05:30,2026-10-03,17,75.2,OK,False,mild,Pune,M1,2025-03-01,581,23.23,2.6000000000000014,44.0
A1,1791028800,21.4,57.0,OK,2026-10-03 12:00:00+00:00,2026-10-03 17:30:00+05:30,2026-10-03,17,70.5,OK,False,mild,Pune,M1,2025-03-01,581,22.78,-2.6000000000000014,110.0
A1,1791030600,21.6,62.0,OK,2026-10-03 12:30:00+00:00,2026-10-03 18:00:00+05:30,2026-10-03,18,70.9,OK,False,mild,Pune,M1,2025-03-01,581,22.57,0.20000000000000284,99.0
A1,1791032400,20.7,62.0,OK,2026-10-03 13:00:00+00:00,2026-10-03 18:30:00+05:30,2026-10-03,18,69.3,OK,False,mild,Pune,M1,2025-03-01,581,22.02,-0.9000000000000021,128.0
A1,1791034200,21.6,66.0,OK,2026-10-03 13:30:00+00:00,2026-10-03 19:00:00+05:30,2026-10-03,19,70.9,OK,False,mild,Pune,M1,2025-03-01,581,21.78,0.9000000000000021,100.0
A1,1791036000,20.1,53.0,OK,2026-10-03 14:00:00+00:00,2026-10-03 19:30:00+05:30,2026-10-03,19,68.2,OK,False,mild,Pune,M1,2025-03-01,581,21.57,-1.5,144.0
A1,1791037800,20.2,30.0,OK,2026-10-03 14:30:00+00:00,2026-10-03 20:00:00+05:30,2026-10-03,20,68.4,OK,False,mild,Pune,M1,2025-03-01,581,20.93,0.09999999999999787,142.0
A1,1791039600,21.3,67.0,OK,2026-10-03 15:00:00+00:00,2026-10-03 20:30:00+05:30,2026-10-03,20,70.3,OK,False,mild,Pune,M1,2025-03-01,581,20.92,1.1000000000000014,112.0
A1,1791041400,20.1,37.0,OK,2026-10-03 15:30:00+00:00,2026-10-03 21:00:00+05:30,2026-10-03,21,68.2,OK,False,mild,Pune,M1,2025-03-01,581,20.67,-1.1999999999999993,145.0
A1,1791043200,18.7,42.0,OK,2026-10-03 16:00:00+00:00,2026-10-03 21:30:00+05:30,2026-10-03,21,65.7,OK,False,cold,Pune,M1,2025-03-01,581,20.33,-1.4000000000000021,180.0
A1,1791045000,20.4,53.0,OK,2026-10-03 16:30:00+00:00,2026-10-03 22:00:00+05:30,2026-10-03,22,68.7,OK,False,mild,Pune,M1,2025-03-01,581,20.13,1.6999999999999993,134.0
A1,1791046800,20.3,33.0,OK,2026-10-03 17:00:00+00:00,2026-10-03 22:30:00+05:30,2026-10-03,22,68.5,OK,False,mild,Pune,M1,2025-03-01,581,20.17,-0.09999999999999787,139.0
A1,1791048600,19.7,30.0,OK,2026-10-03 17:30:00+00:00,2026-10-03 23:00:00+05:30,2026-10-03,23,67.5,OK,False,cold,Pune,M1,2025-03-01,581,20.08,-0.6000000000000014,156.0
A1,1791050400,19.9,64.0,OK,2026-10-03 18:00:00+00:00,2026-10-03 23:30:00+05:30,2026-10-03,23,67.8,OK,False,cold,Pune,M1,2025-03-01,581,19.85,0.1999999999999993,150.0
A1,1791052200,20.1,51.0,OK,2026-10-03 18:30:00+00:00,2026-10-04 00:00:00+05:30,2026-10-04,0,68.2,OK,False,mild,Pune,M1,2025-03-01,581,19.85,0.20000000000000284,146.0
A1,1791054000,18.6,38.0,OK,2026-10-03 19:00:00+00:00,2026-10-04 00:30:00+05:30,2026-10-04,0,65.5,OK,False,cold,Pune,M1,2025-03-01,581,19.83,-1.5,182.0
A1,1791055800,17.7,54.0,OK,2026-10-03 19:30:00+00:00,2026-10-04 01:00:00+05:30,2026-10-04,1,63.9,OK,False,cold,Pune,M1,2025-03-01,581,19.38,-0.9000000000000021,189.0
A1,1791057600,20.4,53.0,OK,2026-10-03 20:00:00+00:00,2026-10-04 01:30:00+05:30,2026-10-04,1,68.7,OK,False,mild,Pune,M1,2025-03-01,581,19.4,2.6999999999999993,135.0
A1,1791059400,20.7,31.0,OK,2026-10-03 20:30:00+00:00,2026-10-04 02:00:00+05:30,2026-10-04,2,69.3,OK,False,mild,Pune,M1,2025-03-01,581,19.57,0.3000000000000007,129.0
A1,1791061200,22.1,66.0,OK,2026-10-03 21:00:00+00:00,2026-10-04 02:30:00+05:30,2026-10-04,2,71.8,OK,False,mild,Pune,M1,2025-03-01,581,19.93,1.4000000000000021,87.0
A1,1791063000,18.8,64.0,OK,2026-10-03 21:30:00+00:00,2026-10-04 03:00:00+05:30,2026-10-04,3,65.8,OK,False,cold,Pune,M1,2025-03-01,581,19.72,-3.3000000000000007,179.0
A1,1791064800,18.5,63.0,OK,2026-10-03 22:00:00+00:00,2026-10-04 03:30:00+05:30,2026-10-04,3,65.3,OK,False,cold,Pune,M1,2025-03-01,581,19.7,-0.3000000000000007,184.0
A1,1791066600,19.6,42.0,OK,2026-10-03 22:30:00+00:00,2026-10-04 04:00:00+05:30,2026-10-04,4,67.3,OK,False,cold,Pune,M1,2025-03-01,581,20.02,1.1000000000000014,160.0
A1,1791068400,21.2,35.0,OK,2026-10-03 23:00:00+00:00,2026-10-04 04:30:00+05:30,2026-10-04,4,70.2,OK,False,mild,Pune,M1,2025-03-01,581,20.15,1.5999999999999979,113.0
A1,1791070200,19.6,61.0,OK,2026-10-03 23:30:00+00:00,2026-10-04 05:00:00+05:30,2026-10-04,5,67.3,OK,False,cold,Pune,M1,2025-03-01,581,19.97,-1.5999999999999979,161.0
A1,1791072000,19.5,47.0,OK,2026-10-04 00:00:00+00:00,2026-10-04 05:30:00+05:30,2026-10-04,5,67.1,OK,False,cold,Pune,M1,2025-03-01,582,19.53,-0.10000000000000142,167.0
A1,1791073800,22.4,61.0,OK,2026-10-04 00:30:00+00:00,2026-10-04 06:00:00+05:30,2026-10-04,6,72.3,OK,False,mild,Pune,M1,2025-03-01,582,20.13,2.8999999999999986,82.0
A1,1791075600,22.5,60.0,OK,2026-10-04 01:00:00+00:00,2026-10-04 06:30:00+05:30,2026-10-04,6,72.5,OK,False,mild,Pune,M1,2025-03-01,582,20.8,0.10000000000000142,79.0
A1,1791077400,22.1,65.0,OK,2026-10-04 01:30:00+00:00,2026-10-04 07:00:00+05:30,2026-10-04,7,71.8,OK,False,mild,Pune,M1,2025-03-01,582,21.22,-0.3999999999999986,88.0
A1,1791079200,21.7,45.0,OK,2026-10-04 02:00:00+00:00,2026-10-04 07:30:00+05:30,2026-10-04,7,71.1,OK,False,mild,Pune,M1,2025-03-01,582,21.3,-0.40000000000000213,95.0
A1,1791081000,22.7,55.0,OK,2026-10-04 02:30:00+00:00,2026-10-04 08:00:00+05:30,2026-10-04,8,72.9,OK,False,mild,Pune,M1,2025-03-01,582,21.82,1.0,74.0
A1,1791082800,22.1,48.0,OK,2026-10-04 03:00:00+00:00,2026-10-04 08:30:00+05:30,2026-10-04,8,71.8,OK,False,mild,Pune,M1,2025-03-01,582,22.25,-0.5999999999999979,89.0
A1,1791084600,24.3,56.0,OK,2026-10-04 03:30:00+00:00,2026-10-04 09:00:00+05:30,2026-10-04,9,75.7,OK,False,mild,Pune,M1,2025-03-01,582,22.57,2.1999999999999993,36.0
A1,1791086400,25.1,57.0,OK,2026-10-04 04:00:00+00:00,2026-10-04 09:30:00+05:30,2026-10-04,9,77.2,OK,False,warm,Pune,M1,2025-03-01,582,23.0,0.8000000000000007,16.0
A1,1791088200,24.0,62.0,OK,2026-10-04 04:30:00+00:00,2026-10-04 10:00:00+05:30,2026-10-04,10,75.2,OK,False,mild,Pune,M1,2025-03-01,582,23.32,-1.1000000000000014,45.0
A1,1791090000,24.0,42.0,OK,2026-10-04 05:00:00+00:00,2026-10-04 10:30:00+05:30,2026-10-04,10,75.2,OK,False,mild,Pune,M1,2025-03-01,582,23.7,0.0,46.0
A1,1791091800,25.2,64.0,OK,2026-10-04 05:30:00+00:00,2026-10-04 11:00:00+05:30,2026-10-04,11,77.4,OK,False,warm,Pune,M1,2025-03-01,582,24.12,1.1999999999999993,14.0
A1,1791093600,24.1,43.0,OK,2026-10-04 06:00:00+00:00,2026-10-04 11:30:00+05:30,2026-10-04,11,75.4,OK,False,mild,Pune,M1,2025-03-01,582,24.45,-1.0999999999999979,41.0
A1,1791095400,25.4,31.0,OK,2026-10-04 06:30:00+00:00,2026-10-04 12:00:00+05:30,2026-10-04,12,77.7,OK,False,warm,Pune,M1,2025-03-01,582,24.63,1.2999999999999972,11.0
A1,1791097200,27.3,36.0,OK,2026-10-04 07:00:00+00:00,2026-10-04 12:30:00+05:30,2026-10-04,12,81.1,OK,False,warm,Pune,M1,2025-03-01,582,25.0,1.9000000000000021,1.0
A1,1791099000,25.8,52.0,OK,2026-10-04 07:30:00+00:00,2026-10-04 13:00:00+05:30,2026-10-04,13,78.4,OK,False,warm,Pune,M1,2025-03-01,582,25.3,-1.5,8.0
A1,1791100800,24.5,36.0,OK,2026-10-04 08:00:00+00:00,2026-10-04 13:30:00+05:30,2026-10-04,13,76.1,OK,False,mild,Pune,M1,2025-03-01,582,25.38,-1.3000000000000007,30.0
A1,1791102600,22.6,40.0,OK,2026-10-04 08:30:00+00:00,2026-10-04 14:00:00+05:30,2026-10-04,14,72.7,OK,False,mild,Pune,M1,2025-03-01,582,24.95,-1.8999999999999986,77.0
A1,1791104400,23.6,53.0,OK,2026-10-04 09:00:00+00:00,2026-10-04 14:30:00+05:30,2026-10-04,14,74.5,OK,False,mild,Pune,M1,2025-03-01,582,24.87,1.0,53.0
A1,1791106200,23.6,34.0,OK,2026-10-04 09:30:00+00:00,2026-10-04 15:00:00+05:30,2026-10-04,15,74.5,OK,False,mild,Pune,M1,2025-03-01,582,24.57,0.0,54.0
A1,1791108000,23.6,53.0,OK,2026-10-04 10:00:00+00:00,2026-10-04 15:30:00+05:30,2026-10-04,15,74.5,OK,False,mild,Pune,M1,2025-03-01,582,23.95,0.0,55.0
A1,1791109800,24.5,56.0,OK,2026-10-04 10:30:00+00:00,2026-10-04 16:00:00+05:30,2026-10-04,16,76.1,OK,False,mild,Pune,M1,2025-03-01,582,23.73,0.8999999999999986,31.0
A1,1791111600,22.8,42.0,OK,2026-10-04 11:00:00+00:00,2026-10-04 16:30:00+05:30,2026-10-04,16,73.0,OK,False,mild,Pune,M1,2025-03-01,582,23.45,-1.6999999999999993,71.0
A1,1791113400,21.6,44.0,OK,2026-10-04 11:30:00+00:00,2026-10-04 17:00:00+05:30,2026-10-04,17,70.9,OK,False,mild,Pune,M1,2025-03-01,582,23.28,-1.1999999999999993,101.0
A1,1791115200,19.6,58.0,OK,2026-10-04 12:00:00+00:00,2026-10-04 17:30:00+05:30,2026-10-04,17,67.3,OK,False,cold,Pune,M1,2025-03-01,582,22.62,-2.0,162.0
A1,1791117000,20.8,39.0,OK,2026-10-04 12:30:00+00:00,2026-10-04 18:00:00+05:30,2026-10-04,18,69.4,OK,False,mild,Pune,M1,2025-03-01,582,22.15,1.1999999999999993,123.0
A1,1791118800,20.6,53.0,OK,2026-10-04 13:00:00+00:00,2026-10-04 18:30:00+05:30,2026-10-04,18,69.1,OK,False,mild,Pune,M1,2025-03-01,582,21.65,-0.1999999999999993,131.0
A1,1791120600,20.9,33.0,OK,2026-10-04 13:30:00+00:00,2026-10-04 19:00:00+05:30,2026-10-04,19,69.6,OK,False,mild,Pune,M1,2025-03-01,582,21.05,0.29999999999999716,120.0
A1,1791122400,19.1,65.0,OK,2026-10-04 14:00:00+00:00,2026-10-04 19:30:00+05:30,2026-10-04,19,66.4,OK,False,cold,Pune,M1,2025-03-01,582,20.43,-1.7999999999999972,173.0
A1,1791124200,21.5,41.0,OK,2026-10-04 14:30:00+00:00,2026-10-04 20:00:00+05:30,2026-10-04,20,70.7,OK,False,mild,Pune,M1,2025-03-01,582,20.42,2.3999999999999986,104.0
A1,1791126000,20.1,66.0,OK,2026-10-04 15:00:00+00:00,2026-10-04 20:30:00+05:30,2026-10-04,20,68.2,OK,False,mild,Pune,M1,2025-03-01,582,20.5,-1.3999999999999986,147.0
A1,1791127800,19.6,35.0,OK,2026-10-04 15:30:00+00:00,2026-10-04 21:00:00+05:30,2026-10-04,21,67.3,OK,False,cold,Pune,M1,2025-03-01,582,20.3,-0.5,163.0
A1,1791129600,19.4,55.0,OK,2026-10-04 16:00:00+00:00,2026-10-04 21:30:00+05:30,2026-10-04,21,66.9,OK,False,cold,Pune,M1,2025-03-01,582,20.1,-0.20000000000000284,169.0
A1,1791131400,19.9,53.0,OK,2026-10-04 16:30:00+00:00,2026-10-04 22:00:00+05:30,2026-10-04,22,67.8,OK,False,cold,Pune,M1,2025-03-01,582,19.93,0.5,151.0
A1,1791133200,19.4,63.0,OK,2026-10-04 17:00:00+00:00,2026-10-04 22:30:00+05:30,2026-10-04,22,66.9,OK,False,cold,Pune,M1,2025-03-01,582,19.98,-0.5,170.0
A1,1791135000,19.6,42.0,OK,2026-10-04 17:30:00+00:00,2026-10-04 23:00:00+05:30,2026-10-04,23,67.3,OK,False,cold,Pune,M1,2025-03-01,582,19.67,0.20000000000000284,164.0
A1,1791136800,18.2,64.0,OK,2026-10-04 18:00:00+00:00,2026-10-04 23:30:00+05:30,2026-10-04,23,64.8,OK,False,cold,Pune,M1,2025-03-01,582,19.35,-1.4000000000000021,186.0
A1,1791138600,17.5,37.0,OK,2026-10-04 18:30:00+00:00,2026-10-05 00:00:00+05:30,2026-10-05,0,63.5,OK,False,cold,Pune,M1,2025-03-01,582,19.0,-0.6999999999999993,191.0
A1,1791140400,18.9,64.0,OK,2026-10-04 19:00:00+00:00,2026-10-05 00:30:00+05:30,2026-10-05,0,66.0,OK,False,cold,Pune,M1,2025-03-01,582,18.92,1.3999999999999986,178.0
A1,1791142200,17.6,45.0,OK,2026-10-04 19:30:00+00:00,2026-10-05 01:00:00+05:30,2026-10-05,1,63.7,OK,False,cold,Pune,M1,2025-03-01,582,18.53,-1.2999999999999972,190.0
A1,1791144000,21.5,56.0,OK,2026-10-04 20:00:00+00:00,2026-10-05 01:30:00+05:30,2026-10-05,1,70.7,OK,False,mild,Pune,M1,2025-03-01,582,18.88,3.8999999999999986,105.0
A1,1791145800,19.1,59.0,OK,2026-10-04 20:30:00+00:00,2026-10-05 02:00:00+05:30,2026-10-05,2,66.4,OK,False,cold,Pune,M1,2025-03-01,582,18.8,-2.3999999999999986,174.0
A1,1791147600,20.8,64.0,OK,2026-10-04 21:00:00+00:00,2026-10-05 02:30:00+05:30,2026-10-05,2,69.4,OK,False,mild,Pune,M1,2025-03-01,582,19.23,1.6999999999999993,124.0
A1,1791149400,20.8,56.0,OK,2026-10-04 21:30:00+00:00,2026-10-05 03:00:00+05:30,2026-10-05,3,69.4,OK,False,mild,Pune,M1,2025-03-01,582,19.78,0.0,125.0
A1,1791151200,20.8,39.0,OK,2026-10-04 22:00:00+00:00,2026-10-05 03:30:00+05:30,2026-10-05,3,69.4,OK,False,mild,Pune,M1,2025-03-01,582,20.1,0.0,126.0
A1,1791153000,21.0,50.0,OK,2026-10-04 22:30:00+00:00,2026-10-05 04:00:00+05:30,2026-10-05,4,69.8,OK,False,mild,Pune,M1,2025-03-01,582,20.67,0.1999999999999993,118.0
A1,1791154800,19.9,41.0,OK,2026-10-04 23:00:00+00:00,2026-10-05 04:30:00+05:30,2026-10-05,4,67.8,OK,False,cold,Pune,M1,2025-03-01,582,20.4,-1.1000000000000014,152.0
A1,1791156600,21.4,40.0,OK,2026-10-04 23:30:00+00:00,2026-10-05 05:00:00+05:30,2026-10-05,5,70.5,OK,False,mild,Pune,M1,2025-03-01,582,20.78,1.5,111.0
A2,1790812800,31.4,55.0,WARN,2026-10-01 00:00:00+00:00,2026-10-01 05:30:00+05:30,2026-10-01,5,88.5,WARN,False,hot,Pune,M2,2025-06-15,473,31.4,,56.0
A2,1790814600,30.4,65.0,WARN,2026-10-01 00:30:00+00:00,2026-10-01 06:00:00+05:30,2026-10-01,6,86.7,WARN,False,hot,Pune,M2,2025-06-15,473,30.9,-1.0,86.0
A2,1790816400,32.6,32.0,WARN,2026-10-01 01:00:00+00:00,2026-10-01 06:30:00+05:30,2026-10-01,6,90.7,WARN,False,hot,Pune,M2,2025-06-15,473,31.47,2.200000000000003,25.0
A2,1790818200,30.7,61.0,WARN,2026-10-01 01:30:00+00:00,2026-10-01 07:00:00+05:30,2026-10-01,7,87.3,WARN,False,hot,Pune,M2,2025-06-15,473,31.28,-1.9000000000000021,74.0
A2,1790820000,29.3,46.0,OK,2026-10-01 02:00:00+00:00,2026-10-01 07:30:00+05:30,2026-10-01,7,84.7,OK,False,warm,Pune,M2,2025-06-15,473,30.88,-1.3999999999999986,111.0
A2,1790821800,33.0,69.0,WARN,2026-10-01 02:30:00+00:00,2026-10-01 08:00:00+05:30,2026-10-01,8,91.4,WARN,False,hot,Pune,M2,2025-06-15,473,31.23,3.6999999999999993,14.0
A2,1790823600,33.2,33.0,WARN,2026-10-01 03:00:00+00:00,2026-10-01 08:30:00+05:30,2026-10-01,8,91.8,WARN,False,hot,Pune,M2,2025-06-15,473,31.53,0.20000000000000284,11.0
A2,1790825400,32.5,61.0,WARN,2026-10-01 03:30:00+00:00,2026-10-01 09:00:00+05:30,2026-10-01,9,90.5,WARN,False,hot,Pune,M2,2025-06-15,473,31.88,-0.7000000000000028,30.0
A2,1790827200,32.9,37.0,WARN,2026-10-01 04:00:00+00:00,2026-10-01 09:30:00+05:30,2026-10-01,9,91.2,WARN,False,hot,Pune,M2,2025-06-15,473,31.93,0.3999999999999986,15.0
A2,1790829000,32.5,37.0,WARN,2026-10-01 04:30:00+00:00,2026-10-01 10:00:00+05:30,2026-10-01,10,90.5,WARN,False,hot,Pune,M2,2025-06-15,473,32.23,-0.3999999999999986,31.0
A2,1790830800,32.5,42.0,WARN,2026-10-01 05:00:00+00:00,2026-10-01 10:30:00+05:30,2026-10-01,10,90.5,WARN,False,hot,Pune,M2,2025-06-15,473,32.77,0.0,32.0
A2,1790832600,33.6,58.0,WARN,2026-10-01 05:30:00+00:00,2026-10-01 11:00:00+05:30,2026-10-01,11,92.5,WARN,False,hot,Pune,M2,2025-06-15,473,32.87,1.1000000000000014,7.0
A2,1790834400,32.9,43.0,WARN,2026-10-01 06:00:00+00:00,2026-10-01 11:30:00+05:30,2026-10-01,11,91.2,WARN,False,hot,Pune,M2,2025-06-15,473,32.82,-0.7000000000000028,16.0
A2,1790836200,32.2,46.0,WARN,2026-10-01 06:30:00+00:00,2026-10-01 12:00:00+05:30,2026-10-01,12,90.0,WARN,False,hot,Pune,M2,2025-06-15,473,32.77,-0.6999999999999957,39.0
A2,1790838000,34.8,47.0,ALERT,2026-10-01 07:00:00+00:00,2026-10-01 12:30:00+05:30,2026-10-01,12,94.6,ALERT,True,hot,Pune,M2,2025-06-15,473,33.08,2.5999999999999943,2.0
A2,1790839800,32.9,51.0,WARN,2026-10-01 07:30:00+00:00,2026-10-01 13:00:00+05:30,2026-10-01,13,91.2,WARN,False,hot,Pune,M2,2025-06-15,473,33.15,-1.8999999999999986,17.0
A2,1790841600,32.2,30.0,WARN,2026-10-01 08:00:00+00:00,2026-10-01 13:30:00+05:30,2026-10-01,13,90.0,WARN,False,hot,Pune,M2,2025-06-15,473,33.1,-0.6999999999999957,40.0
A2,1790843400,32.3,58.0,WARN,2026-10-01 08:30:00+00:00,2026-10-01 14:00:00+05:30,2026-10-01,14,90.1,WARN,False,hot,Pune,M2,2025-06-15,473,32.88,0.09999999999999432,37.0
A2,1790845200,33.2,40.0,WARN,2026-10-01 09:00:00+00:00,2026-10-01 14:30:00+05:30,2026-10-01,14,91.8,WARN,False,hot,Pune,M2,2025-06-15,473,32.93,0.9000000000000057,12.0
A2,1790847000,31.6,66.0,WARN,2026-10-01 09:30:00+00:00,2026-10-01 15:00:00+05:30,2026-10-01,15,88.9,WARN,False,hot,Pune,M2,2025-06-15,473,32.83,-1.6000000000000014,53.0
A2,1790848800,31.2,31.0,WARN,2026-10-01 10:00:00+00:00,2026-10-01 15:30:00+05:30,2026-10-01,15,88.2,WARN,False,hot,Pune,M2,2025-06-15,473,32.23,-0.40000000000000213,59.0
A2,1790850600,29.2,46.5,OK,2026-10-01 10:30:00+00:00,2026-10-01 16:00:00+05:30,2026-10-01,16,84.6,OK,False,warm,Pune,M2,2025-06-15,473,31.62,-2.0,113.0
A2,1790852400,30.5,43.0,WARN,2026-10-01 11:00:00+00:00,2026-10-01 16:30:00+05:30,2026-10-01,16,86.9,WARN,False,hot,Pune,M2,2025-06-15,473,31.33,1.3000000000000007,82.0
A2,1790854200,31.5,58.0,WARN,2026-10-01 11:30:00+00:00,2026-10-01 17:00:00+05:30,2026-10-01,17,88.7,WARN,False,hot,Pune,M2,2025-06-15,473,31.2,1.0,55.0
A2,1790856000,29.1,40.0,OK,2026-10-01 12:00:00+00:00,2026-10-01 17:30:00+05:30,2026-10-01,17,84.4,OK,False,warm,Pune,M2,2025-06-15,473,30.52,-2.3999999999999986,115.0
A2,1790857800,28.0,34.0,OK,2026-10-01 12:30:00+00:00,2026-10-01 18:00:00+05:30,2026-10-01,18,82.4,OK,False,warm,Pune,M2,2025-06-15,473,29.92,-1.1000000000000014,138.0
A2,1790859600,31.1,34.0,WARN,2026-10-01 13:00:00+00:00,2026-10-01 18:30:00+05:30,2026-10-01,18,88.0,WARN,False,hot,Pune,M2,2025-06-15,473,29.9,3.1000000000000014,61.0
A2,1790861400,29.6,34.0,OK,2026-10-01 13:30:00+00:00,2026-10-01 19:00:00+05:30,2026-10-01,19,85.3,OK,False,warm,Pune,M2,2025-06-15,473,29.97,-1.5,108.0
A2,1790863200,27.8,68.0,OK,2026-10-01 14:00:00+00:00,2026-10-01 19:30:00+05:30,2026-10-01,19,82.0,OK,False,warm,Pune,M2,2025-06-15,473,29.52,-1.8000000000000007,142.0
A2,1790865000,28.2,47.0,OK,2026-10-01 14:30:00+00:00,2026-10-01 20:00:00+05:30,2026-10-01,20,82.8,OK,False,warm,Pune,M2,2025-06-15,473,28.97,0.3999999999999986,135.0
A2,1790866800,26.7,48.0,OK,2026-10-01 15:00:00+00:00,2026-10-01 20:30:00+05:30,2026-10-01,20,80.1,OK,False,warm,Pune,M2,2025-06-15,473,28.57,-1.5,175.0
A2,1790868600,30.0,66.0,WARN,2026-10-01 15:30:00+00:00,2026-10-01 21:00:00+05:30,2026-10-01,21,86.0,WARN,False,warm,Pune,M2,2025-06-15,473,28.9,3.3000000000000007,97.0
A2,1790870400,27.1,35.0,OK,2026-10-01 16:00:00+00:00,2026-10-01 21:30:00+05:30,2026-10-01,21,80.8,OK,False,warm,Pune,M2,2025-06-15,473,28.23,-2.8999999999999986,165.0
A2,1790872200,26.0,32.0,OK,2026-10-01 16:30:00+00:00,2026-10-01 22:00:00+05:30,2026-10-01,22,78.8,OK,False,warm,Pune,M2,2025-06-15,473,27.63,-1.1000000000000014,188.0
A2,1790874000,27.5,34.0,OK,2026-10-01 17:00:00+00:00,2026-10-01 22:30:00+05:30,2026-10-01,22,81.5,OK,False,warm,Pune,M2,2025-06-15,473,27.58,1.5,154.0
A2,1790875800,25.7,42.0,OK,2026-10-01 17:30:00+00:00,2026-10-01 23:00:00+05:30,2026-10-01,23,78.3,OK,False,warm,Pune,M2,2025-06-15,473,27.17,-1.8000000000000007,190.0
A2,1790877600,28.5,39.0,OK,2026-10-01 18:00:00+00:00,2026-10-01 23:30:00+05:30,2026-10-01,23,83.3,OK,False,warm,Pune,M2,2025-06-15,473,27.47,2.8000000000000007,128.0
A2,1790879400,28.3,48.0,OK,2026-10-01 18:30:00+00:00,2026-10-02 00:00:00+05:30,2026-10-02,0,82.9,OK,False,warm,Pune,M2,2025-06-15,473,27.18,-0.1999999999999993,133.0
A2,1790881200,28.9,41.0,OK,2026-10-01 19:00:00+00:00,2026-10-02 00:30:00+05:30,2026-10-02,0,84.0,OK,False,warm,Pune,M2,2025-06-15,473,27.48,0.5999999999999979,119.0
A2,1790883000,27.9,65.0,OK,2026-10-01 19:30:00+00:00,2026-10-02 01:00:00+05:30,2026-10-02,1,82.2,OK,False,warm,Pune,M2,2025-06-15,473,27.8,-1.0,141.0
A2,1790884800,29.7,32.0,OK,2026-10-01 20:00:00+00:00,2026-10-02 01:30:00+05:30,2026-10-02,1,85.5,OK,False,warm,Pune,M2,2025-06-15,473,28.17,1.8000000000000007,104.0
A2,1790886600,26.9,45.0,OK,2026-10-01 20:30:00+00:00,2026-10-02 02:00:00+05:30,2026-10-02,2,80.4,OK,False,warm,Pune,M2,2025-06-15,473,28.37,-2.8000000000000007,170.0
A2,1790888400,26.3,69.0,OK,2026-10-01 21:00:00+00:00,2026-10-02 02:30:00+05:30,2026-10-02,2,79.3,OK,False,warm,Pune,M2,2025-06-15,473,28.0,-0.5999999999999979,182.0
A2,1790890200,29.9,50.0,OK,2026-10-01 21:30:00+00:00,2026-10-02 03:00:00+05:30,2026-10-02,3,85.8,OK,False,warm,Pune,M2,2025-06-15,473,28.27,3.599999999999998,101.0
A2,1790892000,29.7,52.0,OK,2026-10-01 22:00:00+00:00,2026-10-02 03:30:00+05:30,2026-10-02,3,85.5,OK,False,warm,Pune,M2,2025-06-15,473,28.4,-0.1999999999999993,105.0
A2,1790893800,27.8,64.0,OK,2026-10-01 22:30:00+00:00,2026-10-02 04:00:00+05:30,2026-10-02,4,82.0,OK,False,warm,Pune,M2,2025-06-15,473,28.38,-1.8999999999999986,143.0
A2,1790895600,28.6,36.0,OK,2026-10-01 23:00:00+00:00,2026-10-02 04:30:00+05:30,2026-10-02,4,83.5,OK,False,warm,Pune,M2,2025-06-15,473,28.2,0.8000000000000007,124.0
A2,1790897400,29.4,46.5,OK,2026-10-01 23:30:00+00:00,2026-10-02 05:00:00+05:30,2026-10-02,5,84.9,OK,False,warm,Pune,M2,2025-06-15,473,28.62,0.7999999999999972,110.0
A2,1790899200,30.3,46.5,WARN,2026-10-02 00:00:00+00:00,2026-10-02 05:30:00+05:30,2026-10-02,5,86.5,WARN,False,hot,Pune,M2,2025-06-15,474,29.28,0.9000000000000021,91.0
A2,1790901000,30.3,41.0,WARN,2026-10-02 00:30:00+00:00,2026-10-02 06:00:00+05:30,2026-10-02,6,86.5,WARN,False,hot,Pune,M2,2025-06-15,474,29.35,0.0,92.0
A2,1790902800,30.7,49.0,WARN,2026-10-02 01:00:00+00:00,2026-10-02 06:30:00+05:30,2026-10-02,6,87.3,WARN,False,hot,Pune,M2,2025-06-15,474,29.52,0.3999999999999986,75.0
A2,1790904600,31.0,51.0,WARN,2026-10-02 01:30:00+00:00,2026-10-02 07:00:00+05:30,2026-10-02,7,87.8,WARN,False,hot,Pune,M2,2025-06-15,474,30.05,0.3000000000000007,66.0
A2,1790906400,32.1,37.0,WARN,2026-10-02 02:00:00+00:00,2026-10-02 07:30:00+05:30,2026-10-02,7,89.8,WARN,False,hot,Pune,M2,2025-06-15,474,30.63,1.1000000000000014,43.0
A2,1790908200,32.5,64.0,WARN,2026-10-02 02:30:00+00:00,2026-10-02 08:00:00+05:30,2026-10-02,8,90.5,WARN,False,hot,Pune,M2,2025-06-15,474,31.15,0.3999999999999986,33.0
A2,1790910000,32.2,43.0,WARN,2026-10-02 03:00:00+00:00,2026-10-02 08:30:00+05:30,2026-10-02,8,90.0,WARN,False,hot,Pune,M2,2025-06-15,474,31.47,-0.29999999999999716,41.0
A2,1790911800,32.8,34.0,WARN,2026-10-02 03:30:00+00:00,2026-10-02 09:00:00+05:30,2026-10-02,9,91.0,WARN,False,hot,Pune,M2,2025-06-15,474,31.88,0.5999999999999943,19.0
A2,1790913600,30.3,39.0,WARN,2026-10-02 04:00:00+00:00,2026-10-02 09:30:00+05:30,2026-10-02,9,86.5,WARN,False,hot,Pune,M2,2025-06-15,474,31.82,-2.4999999999999964,93.0
A2,1790915400,33.8,39.0,WARN,2026-10-02 04:30:00+00:00,2026-10-02 10:00:00+05:30,2026-10-02,10,92.8,WARN,False,hot,Pune,M2,2025-06-15,474,32.28,3.4999999999999964,5.0
A2,1790917200,33.7,59.0,WARN,2026-10-02 05:00:00+00:00,2026-10-02 10:30:00+05:30,2026-10-02,10,92.7,WARN,False,hot,Pune,M2,2025-06-15,474,32.55,-0.09999999999999432,6.0
A2,1790919000,30.9,50.0,WARN,2026-10-02 05:30:00+00:00,2026-10-02 11:00:00+05:30,2026-10-02,11,87.6,WARN,False,hot,Pune,M2,2025-06-15,474,32.28,-2.8000000000000043,67.0
A2,1790920800,32.6,61.0,WARN,2026-10-02 06:00:00+00:00,2026-10-02 11:30:00+05:30,2026-10-02,11,90.7,WARN,False,hot,Pune,M2,2025-06-15,474,32.35,1.7000000000000028,26.0
A2,1790922600,32.6,31.0,WARN,2026-10-02 06:30:00+00:00,2026-10-02 12:00:00+05:30,2026-10-02,12,90.7,WARN,False,hot,Pune,M2,2025-06-15,474,32.32,0.0,27.0
A2,1790924400,35.6,69.0,ALERT,2026-10-02 07:00:00+00:00,2026-10-02 12:30:00+05:30,2026-10-02,12,96.1,ALERT,True,hot,Pune,M2,2025-06-15,474,33.2,3.0,1.0
A2,1790926200,31.8,32.0,WARN,2026-10-02 07:30:00+00:00,2026-10-02 13:00:00+05:30,2026-10-02,13,89.2,WARN,False,hot,Pune,M2,2025-06-15,474,32.87,-3.8000000000000007,50.0
A2,1790928000,31.2,64.0,WARN,2026-10-02 08:00:00+00:00,2026-10-02 13:30:00+05:30,2026-10-02,13,88.2,WARN,False,hot,Pune,M2,2025-06-15,474,32.45,-0.6000000000000014,60.0
A2,1790929800,32.2,65.0,WARN,2026-10-02 08:30:00+00:00,2026-10-02 14:00:00+05:30,2026-10-02,14,90.0,WARN,False,hot,Pune,M2,2025-06-15,474,32.67,1.0000000000000036,42.0
A2,1790931600,30.7,69.0,WARN,2026-10-02 09:00:00+00:00,2026-10-02 14:30:00+05:30,2026-10-02,14,87.3,WARN,False,hot,Pune,M2,2025-06-15,474,32.35,-1.5000000000000036,76.0
A2,1790933400,30.4,60.0,WARN,2026-10-02 09:30:00+00:00,2026-10-02 15:00:00+05:30,2026-10-02,15,86.7,WARN,False,hot,Pune,M2,2025-06-15,474,31.98,-0.3000000000000007,87.0
A2,1790935200,32.8,58.0,WARN,2026-10-02 10:00:00+00:00,2026-10-02 15:30:00+05:30,2026-10-02,15,91.0,WARN,False,hot,Pune,M2,2025-06-15,474,31.52,2.3999999999999986,20.0
A2,1790937000,32.4,57.0,WARN,2026-10-02 10:30:00+00:00,2026-10-02 16:00:00+05:30,2026-10-02,16,90.3,WARN,False,hot,Pune,M2,2025-06-15,474,31.62,-0.3999999999999986,34.0
A2,1790938800,30.2,43.0,WARN,2026-10-02 11:00:00+00:00,2026-10-02 16:30:00+05:30,2026-10-02,16,86.4,WARN,False,hot,Pune,M2,2025-06-15,474,31.45,-2.1999999999999993,94.0
A2,1790940600,30.2,36.0,WARN,2026-10-02 11:30:00+00:00,2026-10-02 17:00:00+05:30,2026-10-02,17,86.4,WARN,False,hot,Pune,M2,2025-06-15,474,31.12,0.0,95.0
A2,1790942400,29.5,45.0,OK,2026-10-02 12:00:00+00:00,2026-10-02 17:30:00+05:30,2026-10-02,17,85.1,OK,False,warm,Pune,M2,2025-06-15,474,30.92,-0.6999999999999993,109.0
A2,1790944200,28.0,66.0,OK,2026-10-02 12:30:00+00:00,2026-10-02 18:00:00+05:30,2026-10-02,18,82.4,OK,False,warm,Pune,M2,2025-06-15,474,30.52,-1.5,139.0
A2,1790946000,27.5,63.0,OK,2026-10-02 13:00:00+00:00,2026-10-02 18:30:00+05:30,2026-10-02,18,81.5,OK,False,warm,Pune,M2,2025-06-15,474,29.63,-0.5,155.0
A2,1790947800,28.6,67.0,OK,2026-10-02 13:30:00+00:00,2026-10-02 19:00:00+05:30,2026-10-02,19,83.5,OK,False,warm,Pune,M2,2025-06-15,474,29.0,1.1000000000000014,125.0
A2,1790949600,28.8,41.0,OK,2026-10-02 14:00:00+00:00,2026-10-02 19:30:00+05:30,2026-10-02,19,83.8,OK,False,warm,Pune,M2,2025-06-15,474,28.77,0.1999999999999993,121.0
A2,1790951400,26.1,33.0,OK,2026-10-02 14:30:00+00:00,2026-10-02 20:00:00+05:30,2026-10-02,20,79.0,OK,False,warm,Pune,M2,2025-06-15,474,28.08,-2.6999999999999993,186.0
A2,1790953200,26.9,47.0,OK,2026-10-02 15:00:00+00:00,2026-10-02 20:30:00+05:30,2026-10-02,20,80.4,OK,False,warm,Pune,M2,2025-06-15,474,27.65,0.7999999999999972,171.0
A2,1790955000,28.1,46.5,OK,2026-10-02 15:30:00+00:00,2026-10-02 21:00:00+05:30,2026-10-02,21,82.6,OK,False,warm,Pune,M2,2025-06-15,474,27.67,1.2000000000000028,136.0
A2,1790956800,26.9,48.0,OK,2026-10-02 16:00:00+00:00,2026-10-02 21:30:00+05:30,2026-10-02,21,80.4,OK,False,warm,Pune,M2,2025-06-15,474,27.57,-1.2000000000000028,172.0
A2,1790958600,27.5,58.0,OK,2026-10-02 16:30:00+00:00,2026-10-02 22:00:00+05:30,2026-10-02,22,81.5,OK,False,warm,Pune,M2,2025-06-15,474,27.38,0.6000000000000014,156.0
A2,1790960400,25.6,46.5,OK,2026-10-02 17:00:00+00:00,2026-10-02 22:30:00+05:30,2026-10-02,22,78.1,OK,False,warm,Pune,M2,2025-06-15,474,26.85,-1.8999999999999986,191.0
A2,1790962200,28.0,47.0,OK,2026-10-02 17:30:00+00:00,2026-10-02 23:00:00+05:30,2026-10-02,23,82.4,OK,False,warm,Pune,M2,2025-06-15,474,27.17,2.3999999999999986,140.0
A2,1790964000,27.6,39.0,OK,2026-10-02 18:00:00+00:00,2026-10-02 23:30:00+05:30,2026-10-02,23,81.7,OK,False,warm,Pune,M2,2025-06-15,474,27.28,-0.3999999999999986,151.0
A2,1790965800,28.6,63.0,OK,2026-10-02 18:30:00+00:00,2026-10-03 00:00:00+05:30,2026-10-03,0,83.5,OK,False,warm,Pune,M2,2025-06-15,474,27.37,1.0,126.0
A2,1790967600,27.8,46.0,OK,2026-10-02 19:00:00+00:00,2026-10-03 00:30:00+05:30,2026-10-03,0,82.0,OK,False,warm,Pune,M2,2025-06-15,474,27.52,-0.8000000000000007,144.0
A2,1790969400,26.8,38.0,OK,2026-10-02 19:30:00+00:00,2026-10-03 01:00:00+05:30,2026-10-03,1,80.2,OK,False,warm,Pune,M2,2025-06-15,474,27.4,-1.0,174.0
A2,1790971200,27.0,35.0,OK,2026-10-02 20:00:00+00:00,2026-10-03 01:30:00+05:30,2026-10-03,1,80.6,OK,False,warm,Pune,M2,2025-06-15,474,27.63,0.1999999999999993,167.0
A2,1790973000,30.7,32.0,WARN,2026-10-02 20:30:00+00:00,2026-10-03 02:00:00+05:30,2026-10-03,2,87.3,WARN,False,hot,Pune,M2,2025-06-15,474,28.08,3.6999999999999993,77.0
A2,1790974800,27.7,56.0,OK,2026-10-02 21:00:00+00:00,2026-10-03 02:30:00+05:30,2026-10-03,2,81.9,OK,False,warm,Pune,M2,2025-06-15,474,28.1,-3.0,148.0
A2,1790976600,27.4,68.0,OK,2026-10-02 21:30:00+00:00,2026-10-03 03:00:00+05:30,2026-10-03,3,81.3,OK,False,warm,Pune,M2,2025-06-15,474,27.9,-0.3000000000000007,158.0
A2,1790978400,28.7,32.0,OK,2026-10-02 22:00:00+00:00,2026-10-03 03:30:00+05:30,2026-10-03,3,83.7,OK,False,warm,Pune,M2,2025-06-15,474,28.05,1.3000000000000007,122.0
A2,1790980200,28.4,58.0,OK,2026-10-02 22:30:00+00:00,2026-10-03 04:00:00+05:30,2026-10-03,4,83.1,OK,False,warm,Pune,M2,2025-06-15,474,28.32,-0.3000000000000007,130.0
A2,1790982000,30.4,46.5,WARN,2026-10-02 23:00:00+00:00,2026-10-03 04:30:00+05:30,2026-10-03,4,86.7,WARN,False,hot,Pune,M2,2025-06-15,474,28.88,2.0,88.0
A2,1790983800,30.9,33.0,WARN,2026-10-02 23:30:00+00:00,2026-10-03 05:00:00+05:30,2026-10-03,5,87.6,WARN,False,hot,Pune,M2,2025-06-15,474,28.92,0.5,68.0
A2,1790985600,30.4,31.0,WARN,2026-10-03 00:00:00+00:00,2026-10-03 05:30:00+05:30,2026-10-03,5,86.7,WARN,False,hot,Pune,M2,2025-06-15,475,29.37,-0.5,89.0
A2,1790987400,29.8,67.0,OK,2026-10-03 00:30:00+00:00,2026-10-03 06:00:00+05:30,2026-10-03,6,85.6,OK,False,warm,Pune,M2,2025-06-15,475,29.77,-0.5999999999999979,103.0
A2,1790989200,30.2,34.0,WARN,2026-10-03 01:00:00+00:00,2026-10-03 06:30:00+05:30,2026-10-03,6,86.4,WARN,False,hot,Pune,M2,2025-06-15,475,30.02,0.3999999999999986,96.0
A2,1790991000,30.5,55.0,WARN,2026-10-03 01:30:00+00:00,2026-10-03 07:00:00+05:30,2026-10-03,7,86.9,WARN,False,hot,Pune,M2,2025-06-15,475,30.37,0.3000000000000007,83.0
A2,1790992800,30.5,61.0,WARN,2026-10-03 02:00:00+00:00,2026-10-03 07:30:00+05:30,2026-10-03,7,86.9,WARN,False,hot,Pune,M2,2025-06-15,475,30.38,0.0,84.0
A2,1790994600,30.6,53.0,WARN,2026-10-03 02:30:00+00:00,2026-10-03 08:00:00+05:30,2026-10-03,8,87.1,WARN,False,hot,Pune,M2,2025-06-15,475,30.33,0.10000000000000142,79.0
A2,1790996400,30.6,41.0,WARN,2026-10-03 03:00:00+00:00,2026-10-03 08:30:00+05:30,2026-10-03,8,87.1,WARN,False,hot,Pune,M2,2025-06-15,475,30.37,0.0,80.0
A2,1790998200,33.4,65.0,WARN,2026-10-03 03:30:00+00:00,2026-10-03 09:00:00+05:30,2026-10-03,9,92.1,WARN,False,hot,Pune,M2,2025-06-15,475,30.97,2.799999999999997,9.0
A2,1791000000,30.8,63.0,WARN,2026-10-03 04:00:00+00:00,2026-10-03 09:30:00+05:30,2026-10-03,9,87.4,WARN,False,hot,Pune,M2,2025-06-15,475,31.07,-2.599999999999998,71.0
A2,1791001800,32.0,60.0,WARN,2026-10-03 04:30:00+00:00,2026-10-03 10:00:00+05:30,2026-10-03,10,89.6,WARN,False,hot,Pune,M2,2025-06-15,475,31.32,1.1999999999999993,45.0
A2,1791003600,31.7,46.0,WARN,2026-10-03 05:00:00+00:00,2026-10-03 10:30:00+05:30,2026-10-03,10,89.1,WARN,False,hot,Pune,M2,2025-06-15,475,31.52,-0.3000000000000007,51.0
A2,1791005400,32.4,62.0,WARN,2026-10-03 05:30:00+00:00,2026-10-03 11:00:00+05:30,2026-10-03,11,90.3,WARN,False,hot,Pune,M2,2025-06-15,475,31.82,0.6999999999999993,35.0
A2,1791007200,34.8,46.5,ALERT,2026-10-03 06:00:00+00:00,2026-10-03 11:30:00+05:30,2026-10-03,11,94.6,ALERT,True,hot,Pune,M2,2025-06-15,475,32.52,2.3999999999999986,3.0
A2,1791009000,33.4,62.0,WARN,2026-10-03 06:30:00+00:00,2026-10-03 12:00:00+05:30,2026-10-03,12,92.1,WARN,False,hot,Pune,M2,2025-06-15,475,32.52,-1.3999999999999986,10.0
A2,1791010800,32.6,46.0,WARN,2026-10-03 07:00:00+00:00,2026-10-03 12:30:00+05:30,2026-10-03,12,90.7,WARN,False,hot,Pune,M2,2025-06-15,475,32.82,-0.7999999999999972,28.0
A2,1791012600,33.5,46.0,WARN,2026-10-03 07:30:00+00:00,2026-10-03 13:00:00+05:30,2026-10-03,13,92.3,WARN,False,hot,Pune,M2,2025-06-15,475,33.07,0.8999999999999986,8.0
A2,1791014400,32.4,36.0,WARN,2026-10-03 08:00:00+00:00,2026-10-03 13:30:00+05:30,2026-10-03,13,90.3,WARN,False,hot,Pune,M2,2025-06-15,475,33.18,-1.1000000000000014,36.0
A2,1791016200,32.3,59.0,WARN,2026-10-03 08:30:00+00:00,2026-10-03 14:00:00+05:30,2026-10-03,14,90.1,WARN,False,hot,Pune,M2,2025-06-15,475,33.17,-0.10000000000000142,38.0
A2,1791018000,30.8,32.0,WARN,2026-10-03 09:00:00+00:00,2026-10-03 14:30:00+05:30,2026-10-03,14,87.4,WARN,False,hot,Pune,M2,2025-06-15,475,32.5,-1.4999999999999964,72.0
A2,1791019800,31.9,60.0,WARN,2026-10-03 09:30:00+00:00,2026-10-03 15:00:00+05:30,2026-10-03,15,89.4,WARN,False,hot,Pune,M2,2025-06-15,475,32.25,1.0999999999999979,48.0
A2,1791021600,32.7,36.0,WARN,2026-10-03 10:00:00+00:00,2026-10-03 15:30:00+05:30,2026-10-03,15,90.9,WARN,False,hot,Pune,M2,2025-06-15,475,32.27,0.8000000000000043,23.0
A2,1791023400,31.1,63.0,WARN,2026-10-03 10:30:00+00:00,2026-10-03 16:00:00+05:30,2026-10-03,16,88.0,WARN,False,hot,Pune,M2,2025-06-15,475,31.87,-1.6000000000000014,62.0
A2,1791025200,31.1,33.0,OK,2026-10-03 11:00:00+00:00,2026-10-03 16:30:00+05:30,2026-10-03,16,88.0,WARN,False,hot,Pune,M2,2025-06-15,475,31.65,0.0,63.0
A2,1791027000,29.1,61.0,OK,2026-10-03 11:30:00+00:00,2026-10-03 17:00:00+05:30,2026-10-03,17,84.4,OK,False,warm,Pune,M2,2025-06-15,475,31.12,-2.0,116.0
A2,1791028800,27.8,65.0,OK,2026-10-03 12:00:00+00:00,2026-10-03 17:30:00+05:30,2026-10-03,17,82.0,OK,False,warm,Pune,M2,2025-06-15,475,30.62,-1.3000000000000007,145.0
A2,1791030600,29.7,31.0,OK,2026-10-03 12:30:00+00:00,2026-10-03 18:00:00+05:30,2026-10-03,18,85.5,OK,False,warm,Pune,M2,2025-06-15,475,30.25,1.8999999999999986,106.0
A2,1791032400,30.6,41.0,WARN,2026-10-03 13:00:00+00:00,2026-10-03 18:30:00+05:30,2026-10-03,18,87.1,WARN,False,hot,Pune,M2,2025-06-15,475,29.9,0.9000000000000021,81.0
A2,1791034200,27.5,53.0,OK,2026-10-03 13:30:00+00:00,2026-10-03 19:00:00+05:30,2026-10-03,19,81.5,OK,False,warm,Pune,M2,2025-06-15,475,29.3,-3.1000000000000014,157.0
A2,1791036000,27.6,60.0,OK,2026-10-03 14:00:00+00:00,2026-10-03 19:30:00+05:30,2026-10-03,19,81.7,OK,False,warm,Pune,M2,2025-06-15,475,28.72,0.10000000000000142,152.0
A2,1791037800,28.6,57.0,OK,2026-10-03 14:30:00+00:00,2026-10-03 20:00:00+05:30,2026-10-03,20,83.5,OK,False,warm,Pune,M2,2025-06-15,475,28.63,1.0,127.0
A2,1791039600,26.9,34.0,OK,2026-10-03 15:00:00+00:00,2026-10-03 20:30:00+05:30,2026-10-03,20,80.4,OK,False,warm,Pune,M2,2025-06-15,475,28.48,-1.7000000000000028,173.0
A2,1791041400,28.3,37.0,OK,2026-10-03 15:30:00+00:00,2026-10-03 21:00:00+05:30,2026-10-03,21,82.9,OK,False,warm,Pune,M2,2025-06-15,475,28.25,1.4000000000000021,134.0
A2,1791043200,26.5,39.0,OK,2026-10-03 16:00:00+00:00,2026-10-03 21:30:00+05:30,2026-10-03,21,79.7,OK,False,warm,Pune,M2,2025-06-15,475,27.57,-1.8000000000000007,179.0
A2,1791045000,26.1,47.0,OK,2026-10-03 16:30:00+00:00,2026-10-03 22:00:00+05:30,2026-10-03,22,79.0,OK,False,warm,Pune,M2,2025-06-15,475,27.33,-0.3999999999999986,187.0
A2,1791046800,25.6,67.0,OK,2026-10-03 17:00:00+00:00,2026-10-03 22:30:00+05:30,2026-10-03,22,78.1,OK,False,warm,Pune,M2,2025-06-15,475,27.0,-0.5,192.0
A2,1791048600,29.3,44.0,OK,2026-10-03 17:30:00+00:00,2026-10-03 23:00:00+05:30,2026-10-03,23,84.7,OK,False,warm,Pune,M2,2025-06-15,475,27.12,3.6999999999999993,112.0
A2,1791050400,26.6,41.0,OK,2026-10-03 18:00:00+00:00,2026-10-03 23:30:00+05:30,2026-10-03,23,79.9,OK,False,warm,Pune,M2,2025-06-15,475,27.07,-2.6999999999999993,176.0
A2,1791052200,27.0,65.0,OK,2026-10-03 18:30:00+00:00,2026-10-04 00:00:00+05:30,2026-10-04,0,80.6,OK,False,warm,Pune,M2,2025-06-15,475,26.85,0.3999999999999986,168.0
A2,1791054000,27.3,42.0,OK,2026-10-03 19:00:00+00:00,2026-10-04 00:30:00+05:30,2026-10-04,0,81.1,OK,False,warm,Pune,M2,2025-06-15,475,26.98,0.3000000000000007,159.0
A2,1791055800,27.3,65.0,OK,2026-10-03 19:30:00+00:00,2026-10-04 01:00:00+05:30,2026-10-04,1,81.1,OK,False,warm,Pune,M2,2025-06-15,475,27.18,0.0,160.0
A2,1791057600,26.2,35.0,OK,2026-10-03 20:00:00+00:00,2026-10-04 01:30:00+05:30,2026-10-04,1,79.2,OK,False,warm,Pune,M2,2025-06-15,475,27.28,-1.1000000000000014,184.0
A2,1791059400,26.4,32.0,OK,2026-10-03 20:30:00+00:00,2026-10-04 02:00:00+05:30,2026-10-04,2,79.5,OK,False,warm,Pune,M2,2025-06-15,475,26.8,0.1999999999999993,181.0
A2,1791061200,26.3,69.0,OK,2026-10-03 21:00:00+00:00,2026-10-04 02:30:00+05:30,2026-10-04,2,79.3,OK,False,warm,Pune,M2,2025-06-15,475,26.75,-0.09999999999999787,183.0
A2,1791063000,29.2,46.0,OK,2026-10-03 21:30:00+00:00,2026-10-04 03:00:00+05:30,2026-10-04,3,84.6,OK,False,warm,Pune,M2,2025-06-15,475,27.12,2.8999999999999986,114.0
A2,1791064800,27.3,36.0,OK,2026-10-03 22:00:00+00:00,2026-10-04 03:30:00+05:30,2026-10-04,3,81.1,OK,False,warm,Pune,M2,2025-06-15,475,27.12,-1.8999999999999986,161.0
A2,1791066600,28.4,46.5,OK,2026-10-03 22:30:00+00:00,2026-10-04 04:00:00+05:30,2026-10-04,4,83.1,OK,False,warm,Pune,M2,2025-06-15,475,27.3,1.0999999999999979,131.0
A2,1791068400,30.9,62.0,WARN,2026-10-03 23:00:00+00:00,2026-10-04 04:30:00+05:30,2026-10-04,4,87.6,WARN,False,hot,Pune,M2,2025-06-15,475,28.08,2.5,69.0
A2,1791070200,30.9,44.0,WARN,2026-10-03 23:30:00+00:00,2026-10-04 05:00:00+05:30,2026-10-04,5,87.6,WARN,False,hot,Pune,M2,2025-06-15,475,28.83,0.0,70.0
A2,1791072000,28.7,51.0,OK,2026-10-04 00:00:00+00:00,2026-10-04 05:30:00+05:30,2026-10-04,5,83.7,OK,False,warm,Pune,M2,2025-06-15,476,29.23,-2.1999999999999993,123.0
A2,1791073800,29.1,42.0,OK,2026-10-04 00:30:00+00:00,2026-10-04 06:00:00+05:30,2026-10-04,6,84.4,OK,False,warm,Pune,M2,2025-06-15,476,29.22,0.40000000000000213,117.0
A2,1791075600,30.4,50.0,WARN,2026-10-04 01:00:00+00:00,2026-10-04 06:30:00+05:30,2026-10-04,6,86.7,WARN,False,hot,Pune,M2,2025-06-15,476,29.73,1.2999999999999972,90.0
A2,1791077400,30.0,32.0,WARN,2026-10-04 01:30:00+00:00,2026-10-04 07:00:00+05:30,2026-10-04,7,86.0,WARN,False,warm,Pune,M2,2025-06-15,476,30.0,-0.3999999999999986,98.0
A2,1791079200,33.2,49.0,WARN,2026-10-04 02:00:00+00:00,2026-10-04 07:30:00+05:30,2026-10-04,7,91.8,WARN,False,hot,Pune,M2,2025-06-15,476,30.38,3.200000000000003,13.0
A2,1791081000,31.3,47.0,WARN,2026-10-04 02:30:00+00:00,2026-10-04 08:00:00+05:30,2026-10-04,8,88.3,WARN,False,hot,Pune,M2,2025-06-15,476,30.45,-1.9000000000000021,57.0
A2,1791082800,31.1,53.0,WARN,2026-10-04 03:00:00+00:00,2026-10-04 08:30:00+05:30,2026-10-04,8,88.0,WARN,False,hot,Pune,M2,2025-06-15,476,30.85,-0.1999999999999993,64.0
A2,1791084600,31.9,39.0,WARN,2026-10-04 03:30:00+00:00,2026-10-04 09:00:00+05:30,2026-10-04,9,89.4,WARN,False,hot,Pune,M2,2025-06-15,476,31.32,0.7999999999999972,49.0
A2,1791086400,32.6,40.0,WARN,2026-10-04 04:00:00+00:00,2026-10-04 09:30:00+05:30,2026-10-04,9,90.7,WARN,False,hot,Pune,M2,2025-06-15,476,31.68,0.7000000000000028,29.0
A2,1791088200,32.7,55.0,WARN,2026-10-04 04:30:00+00:00,2026-10-04 10:00:00+05:30,2026-10-04,10,90.9,WARN,False,hot,Pune,M2,2025-06-15,476,32.13,0.10000000000000142,24.0
A2,1791090000,31.6,37.0,WARN,2026-10-04 05:00:00+00:00,2026-10-04 10:30:00+05:30,2026-10-04,10,88.9,WARN,False,hot,Pune,M2,2025-06-15,476,31.87,-1.1000000000000014,54.0
A2,1791091800,32.9,50.0,WARN,2026-10-04 05:30:00+00:00,2026-10-04 11:00:00+05:30,2026-10-04,11,91.2,WARN,False,hot,Pune,M2,2025-06-15,476,32.13,1.2999999999999972,18.0
A2,1791093600,34.5,33.0,ALERT,2026-10-04 06:00:00+00:00,2026-10-04 11:30:00+05:30,2026-10-04,11,94.1,ALERT,True,hot,Pune,M2,2025-06-15,476,32.7,1.6000000000000014,4.0
A2,1791095400,32.8,68.0,WARN,2026-10-04 06:30:00+00:00,2026-10-04 12:00:00+05:30,2026-10-04,12,91.0,WARN,False,hot,Pune,M2,2025-06-15,476,32.85,-1.7000000000000028,21.0
A2,1791097200,32.0,39.0,WARN,2026-10-04 07:00:00+00:00,2026-10-04 12:30:00+05:30,2026-10-04,12,89.6,WARN,False,hot,Pune,M2,2025-06-15,476,32.75,-0.7999999999999972,46.0
A2,1791099000,32.0,40.0,WARN,2026-10-04 07:30:00+00:00,2026-10-04 13:00:00+05:30,2026-10-04,13,89.6,WARN,False,hot,Pune,M2,2025-06-15,476,32.63,0.0,47.0
A2,1791100800,31.7,68.0,WARN,2026-10-04 08:00:00+00:00,2026-10-04 13:30:00+05:30,2026-10-04,13,89.1,WARN,False,hot,Pune,M2,2025-06-15,476,32.65,-0.3000000000000007,52.0
A2,1791102600,31.1,60.0,WARN,2026-10-04 08:30:00+00:00,2026-10-04 14:00:00+05:30,2026-10-04,14,88.0,WARN,False,hot,Pune,M2,2025-06-15,476,32.35,-0.5999999999999979,65.0
A2,1791104400,32.8,36.0,WARN,2026-10-04 09:00:00+00:00,2026-10-04 14:30:00+05:30,2026-10-04,14,91.0,WARN,False,hot,Pune,M2,2025-06-15,476,32.07,1.6999999999999957,22.0
A2,1791106200,32.1,35.0,WARN,2026-10-04 09:30:00+00:00,2026-10-04 15:00:00+05:30,2026-10-04,15,89.8,WARN,False,hot,Pune,M2,2025-06-15,476,31.95,-0.6999999999999957,44.0
A2,1791108000,31.3,45.0,WARN,2026-10-04 10:00:00+00:00,2026-10-04 15:30:00+05:30,2026-10-04,15,88.3,WARN,False,hot,Pune,M2,2025-06-15,476,31.83,-0.8000000000000007,58.0
A2,1791109800,30.0,49.0,WARN,2026-10-04 10:30:00+00:00,2026-10-04 16:00:00+05:30,2026-10-04,16,86.0,WARN,False,warm,Pune,M2,2025-06-15,476,31.5,-1.3000000000000007,99.0
A2,1791111600,30.5,53.0,WARN,2026-10-04 11:00:00+00:00,2026-10-04 16:30:00+05:30,2026-10-04,16,86.9,WARN,False,hot,Pune,M2,2025-06-15,476,31.3,0.5,85.0
A2,1791113400,30.7,54.0,WARN,2026-10-04 11:30:00+00:00,2026-10-04 17:00:00+05:30,2026-10-04,17,87.3,WARN,False,hot,Pune,M2,2025-06-15,476,31.23,0.1999999999999993,78.0
A2,1791115200,30.0,32.0,WARN,2026-10-04 12:00:00+00:00,2026-10-04 17:30:00+05:30,2026-10-04,17,86.0,WARN,False,warm,Pune,M2,2025-06-15,476,30.77,-0.6999999999999993,100.0
A2,1791117000,29.7,43.0,OK,2026-10-04 12:30:00+00:00,2026-10-04 18:00:00+05:30,2026-10-04,18,85.5,OK,False,warm,Pune,M2,2025-06-15,476,30.37,-0.3000000000000007,107.0
A2,1791118800,27.6,32.0,OK,2026-10-04 13:00:00+00:00,2026-10-04 18:30:00+05:30,2026-10-04,18,81.7,OK,False,warm,Pune,M2,2025-06-15,476,29.75,-2.099999999999998,153.0
A2,1791120600,28.5,49.0,OK,2026-10-04 13:30:00+00:00,2026-10-04 19:00:00+05:30,2026-10-04,19,83.3,OK,False,warm,Pune,M2,2025-06-15,476,29.5,0.8999999999999986,129.0
A2,1791122400,26.0,39.0,OK,2026-10-04 14:00:00+00:00,2026-10-04 19:30:00+05:30,2026-10-04,19,78.8,OK,False,warm,Pune,M2,2025-06-15,476,28.75,-2.5,189.0
A2,1791124200,28.4,55.0,OK,2026-10-04 14:30:00+00:00,2026-10-04 20:00:00+05:30,2026-10-04,20,83.1,OK,False,warm,Pune,M2,2025-06-15,476,28.37,2.3999999999999986,132.0
A2,1791126000,27.7,44.0,OK,2026-10-04 15:00:00+00:00,2026-10-04 20:30:00+05:30,2026-10-04,20,81.9,OK,False,warm,Pune,M2,2025-06-15,476,27.98,-0.6999999999999993,149.0
A2,1791127800,27.2,36.0,OK,2026-10-04 15:30:00+00:00,2026-10-04 21:00:00+05:30,2026-10-04,21,81.0,OK,False,warm,Pune,M2,2025-06-15,476,27.57,-0.5,163.0
A2,1791129600,26.2,38.0,OK,2026-10-04 16:00:00+00:00,2026-10-04 21:30:00+05:30,2026-10-04,21,79.2,OK,False,warm,Pune,M2,2025-06-15,476,27.33,-1.0,185.0
A2,1791131400,26.6,31.0,OK,2026-10-04 16:30:00+00:00,2026-10-04 22:00:00+05:30,2026-10-04,22,79.9,OK,False,warm,Pune,M2,2025-06-15,476,27.02,0.40000000000000213,177.0
A2,1791133200,26.6,68.0,OK,2026-10-04 17:00:00+00:00,2026-10-04 22:30:00+05:30,2026-10-04,22,79.9,OK,False,warm,Pune,M2,2025-06-15,476,27.12,0.0,178.0
A2,1791135000,27.3,48.0,OK,2026-10-04 17:30:00+00:00,2026-10-04 23:00:00+05:30,2026-10-04,23,81.1,OK,False,warm,Pune,M2,2025-06-15,476,26.93,0.6999999999999993,162.0
A2,1791136800,27.2,30.0,OK,2026-10-04 18:00:00+00:00,2026-10-04 23:30:00+05:30,2026-10-04,23,81.0,OK,False,warm,Pune,M2,2025-06-15,476,26.85,-0.10000000000000142,164.0
A2,1791138600,26.5,40.0,OK,2026-10-04 18:30:00+00:00,2026-10-05 00:00:00+05:30,2026-10-05,0,79.7,OK,False,warm,Pune,M2,2025-06-15,476,26.73,-0.6999999999999993,180.0
A2,1791140400,27.8,47.0,OK,2026-10-04 19:00:00+00:00,2026-10-05 00:30:00+05:30,2026-10-05,0,82.0,OK,False,warm,Pune,M2,2025-06-15,476,27.0,1.3000000000000007,146.0
A2,1791142200,27.8,54.0,OK,2026-10-04 19:30:00+00:00,2026-10-05 01:00:00+05:30,2026-10-05,1,82.0,OK,False,warm,Pune,M2,2025-06-15,476,27.2,0.0,147.0
A2,1791144000,27.7,48.0,OK,2026-10-04 20:00:00+00:00,2026-10-05 01:30:00+05:30,2026-10-05,1,81.9,OK,False,warm,Pune,M2,2025-06-15,476,27.38,-0.10000000000000142,150.0
A2,1791145800,28.1,62.0,OK,2026-10-04 20:30:00+00:00,2026-10-05 02:00:00+05:30,2026-10-05,2,82.6,OK,False,warm,Pune,M2,2025-06-15,476,27.52,0.40000000000000213,137.0
A2,1791147600,27.1,38.0,OK,2026-10-04 21:00:00+00:00,2026-10-05 02:30:00+05:30,2026-10-05,2,80.8,OK,False,warm,Pune,M2,2025-06-15,476,27.5,-1.0,166.0
A2,1791149400,28.9,65.0,OK,2026-10-04 21:30:00+00:00,2026-10-05 03:00:00+05:30,2026-10-05,3,84.0,OK,False,warm,Pune,M2,2025-06-15,476,27.9,1.7999999999999972,120.0
A2,1791151200,29.0,31.0,OK,2026-10-04 22:00:00+00:00,2026-10-05 03:30:00+05:30,2026-10-05,3,84.2,OK,False,warm,Pune,M2,2025-06-15,476,28.1,0.10000000000000142,118.0
A2,1791153000,27.0,56.0,OK,2026-10-04 22:30:00+00:00,2026-10-05 04:00:00+05:30,2026-10-05,4,80.6,OK,False,warm,Pune,M2,2025-06-15,476,27.97,-2.0,169.0
A2,1791154800,29.9,67.0,OK,2026-10-04 23:00:00+00:00,2026-10-05 04:30:00+05:30,2026-10-05,4,85.8,OK,False,warm,Pune,M2,2025-06-15,476,28.33,2.8999999999999986,102.0
A2,1791156600,30.8,38.0,WARN,2026-10-04 23:30:00+00:00,2026-10-05 05:00:00+05:30,2026-10-05,5,87.4,WARN,False,hot,Pune,M2,2025-06-15,476,28.78,0.9000000000000021,73.0
B1,1790812800,20.3,35.0,OK,2026-10-01 00:00:00+00:00,2026-10-01 05:30:00+05:30,2026-10-01,5,68.5,OK,False,mild,Mumbai,M1,2025-01-10,629,20.3,,91.0
B1,1790814600,21.5,34.0,OK,2026-10-01 00:30:00+00:00,2026-10-01 06:00:00+05:30,2026-10-01,6,70.7,OK,False,mild,Mumbai,M1,2025-01-10,629,20.9,1.1999999999999993,57.0
B1,1790816400,20.6,64.0,OK,2026-10-01 01:00:00+00:00,2026-10-01 06:30:00+05:30,2026-10-01,6,69.1,OK,False,mild,Mumbai,M1,2025-01-10,629,20.8,-0.8999999999999986,83.0
B1,1790818200,21.6,63.0,OK,2026-10-01 01:30:00+00:00,2026-10-01 07:00:00+05:30,2026-10-01,7,70.9,OK,False,mild,Mumbai,M1,2025-01-10,629,21.0,1.0,55.0
B1,1790820000,19.7,45.0,OK,2026-10-01 02:00:00+00:00,2026-10-01 07:30:00+05:30,2026-10-01,7,67.5,OK,False,cold,Mumbai,M1,2025-01-10,629,20.74,-1.9000000000000021,102.0
B1,1790821800,21.1,54.0,OK,2026-10-01 02:30:00+00:00,2026-10-01 08:00:00+05:30,2026-10-01,8,70.0,OK,False,mild,Mumbai,M1,2025-01-10,629,20.8,1.4000000000000021,71.0
B1,1790823600,23.6,45.0,OK,2026-10-01 03:00:00+00:00,2026-10-01 08:30:00+05:30,2026-10-01,8,74.5,OK,False,mild,Mumbai,M1,2025-01-10,629,21.35,2.5,11.0
B1,1790825400,22.7,52.0,OK,2026-10-01 03:30:00+00:00,2026-10-01 09:00:00+05:30,2026-10-01,9,72.9,OK,False,mild,Mumbai,M1,2025-01-10,629,21.55,-0.9000000000000021,31.0
B1,1790827200,24.7,60.0,OK,2026-10-01 04:00:00+00:00,2026-10-01 09:30:00+05:30,2026-10-01,9,76.5,OK,False,mild,Mumbai,M1,2025-01-10,629,22.23,2.0,3.0
B1,1790829000,22.6,43.0,OK,2026-10-01 04:30:00+00:00,2026-10-01 10:00:00+05:30,2026-10-01,10,72.7,OK,False,mild,Mumbai,M1,2025-01-10,629,22.4,-2.099999999999998,33.0
B1,1790830800,22.6,45.0,OK,2026-10-01 05:00:00+00:00,2026-10-01 10:30:00+05:30,2026-10-01,10,72.7,OK,False,mild,Mumbai,M1,2025-01-10,629,22.88,0.0,34.0
B1,1790832600,22.1,58.0,OK,2026-10-01 05:30:00+00:00,2026-10-01 11:00:00+05:30,2026-10-01,11,71.8,OK,False,mild,Mumbai,M1,2025-01-10,629,23.05,-0.5,43.0
B1,1790834400,23.5,59.0,OK,2026-10-01 06:00:00+00:00,2026-10-01 11:30:00+05:30,2026-10-01,11,74.3,OK,False,mild,Mumbai,M1,2025-01-10,629,23.03,1.3999999999999986,13.0
B1,1790836200,23.1,64.0,OK,2026-10-01 06:30:00+00:00,2026-10-01 12:00:00+05:30,2026-10-01,12,73.6,OK,False,mild,Mumbai,M1,2025-01-10,629,23.1,-0.3999999999999986,23.0
B1,1790838000,24.1,51.0,OK,2026-10-01 07:00:00+00:00,2026-10-01 12:30:00+05:30,2026-10-01,12,75.4,OK,False,mild,Mumbai,M1,2025-01-10,629,23.0,1.0,4.0
B1,1790839800,22.7,33.0,OK,2026-10-01 07:30:00+00:00,2026-10-01 13:00:00+05:30,2026-10-01,13,72.9,OK,False,mild,Mumbai,M1,2025-01-10,629,23.02,-1.4000000000000021,32.0
B1,1790841600,23.5,40.0,OK,2026-10-01 08:00:00+00:00,2026-10-01 13:30:00+05:30,2026-10-01,13,74.3,OK,False,mild,Mumbai,M1,2025-01-10,629,23.17,0.8000000000000007,14.0
B1,1790843400,23.5,42.0,OK,2026-10-01 08:30:00+00:00,2026-10-01 14:00:00+05:30,2026-10-01,14,74.3,OK,False,mild,Mumbai,M1,2025-01-10,629,23.4,0.0,15.0
B1,1790845200,22.6,30.0,OK,2026-10-01 09:00:00+00:00,2026-10-01 14:30:00+05:30,2026-10-01,14,72.7,OK,False,mild,Mumbai,M1,2025-01-10,629,23.25,-0.8999999999999986,35.0
B1,1790847000,22.3,41.0,OK,2026-10-01 09:30:00+00:00,2026-10-01 15:00:00+05:30,2026-10-01,15,72.1,OK,False,mild,Mumbai,M1,2025-01-10,629,23.12,-0.3000000000000007,39.0
B1,1790848800,20.3,45.0,OK,2026-10-01 10:00:00+00:00,2026-10-01 15:30:00+05:30,2026-10-01,15,68.5,OK,False,mild,Mumbai,M1,2025-01-10,629,22.48,-2.0,92.0
B1,1790850600,21.8,64.0,OK,2026-10-01 10:30:00+00:00,2026-10-01 16:00:00+05:30,2026-10-01,16,71.2,OK,False,mild,Mumbai,M1,2025-01-10,629,22.33,1.5,52.0
B1,1790852400,20.7,33.0,OK,2026-10-01 11:00:00+00:00,2026-10-01 16:30:00+05:30,2026-10-01,16,69.3,OK,False,mild,Mumbai,M1,2025-01-10,629,21.87,-1.1000000000000014,81.0
B1,1790854200,18.4,61.0,OK,2026-10-01 11:30:00+00:00,2026-10-01 17:00:00+05:30,2026-10-01,17,65.1,OK,False,cold,Mumbai,M1,2025-01-10,629,21.02,-2.3000000000000007,133.0
B1,1790856000,19.6,32.0,OK,2026-10-01 12:00:00+00:00,2026-10-01 17:30:00+05:30,2026-10-01,17,67.3,OK,False,cold,Mumbai,M1,2025-01-10,629,20.52,1.2000000000000028,103.0
B1,1790857800,18.6,61.0,OK,2026-10-01 12:30:00+00:00,2026-10-01 18:00:00+05:30,2026-10-01,18,65.5,OK,False,cold,Mumbai,M1,2025-01-10,629,19.9,-1.0,126.0
B1,1790859600,16.5,39.0,OK,2026-10-01 13:00:00+00:00,2026-10-01 18:30:00+05:30,2026-10-01,18,61.7,OK,False,cold,Mumbai,M1,2025-01-10,629,19.27,-2.1000000000000014,183.0
B1,1790861400,19.9,40.0,OK,2026-10-01 13:30:00+00:00,2026-10-01 19:00:00+05:30,2026-10-01,19,67.8,OK,False,cold,Mumbai,M1,2025-01-10,629,18.95,3.3999999999999986,98.0
B1,1790863200,19.0,58.0,OK,2026-10-01 14:00:00+00:00,2026-10-01 19:30:00+05:30,2026-10-01,19,66.2,OK,False,cold,Mumbai,M1,2025-01-10,629,18.67,-0.8999999999999986,116.0
B1,1790865000,18.2,58.0,OK,2026-10-01 14:30:00+00:00,2026-10-01 20:00:00+05:30,2026-10-01,20,64.8,OK,False,cold,Mumbai,M1,2025-01-10,629,18.63,-0.8000000000000007,137.0
B1,1790866800,18.8,50.0,OK,2026-10-01 15:00:00+00:00,2026-10-01 20:30:00+05:30,2026-10-01,20,65.8,OK,False,cold,Mumbai,M1,2025-01-10,629,18.5,0.6000000000000014,123.0
B1,1790868600,17.5,34.0,OK,2026-10-01 15:30:00+00:00,2026-10-01 21:00:00+05:30,2026-10-01,21,63.5,OK,False,cold,Mumbai,M1,2025-01-10,629,18.32,-1.3000000000000007,158.0
B1,1790870400,18.1,52.0,OK,2026-10-01 16:00:00+00:00,2026-10-01 21:30:00+05:30,2026-10-01,21,64.6,OK,False,cold,Mumbai,M1,2025-01-10,629,18.58,0.6000000000000014,142.0
B1,1790872200,18.1,52.0,OK,2026-10-01 16:30:00+00:00,2026-10-01 22:00:00+05:30,2026-10-01,22,64.6,OK,False,cold,Mumbai,M1,2025-01-10,629,18.28,0.0,143.0
B1,1790874000,18.5,37.0,OK,2026-10-01 17:00:00+00:00,2026-10-01 22:30:00+05:30,2026-10-01,22,65.3,OK,False,cold,Mumbai,M1,2025-01-10,629,18.2,0.3999999999999986,128.0
B1,1790875800,17.4,40.0,OK,2026-10-01 17:30:00+00:00,2026-10-01 23:00:00+05:30,2026-10-01,23,63.3,OK,False,cold,Mumbai,M1,2025-01-10,629,18.07,-1.1000000000000014,159.0
B1,1790877600,17.9,66.0,OK,2026-10-01 18:00:00+00:00,2026-10-01 23:30:00+05:30,2026-10-01,23,64.2,OK,False,cold,Mumbai,M1,2025-01-10,629,17.92,0.5,149.0
B1,1790879400,17.0,42.0,OK,2026-10-01 18:30:00+00:00,2026-10-02 00:00:00+05:30,2026-10-02,0,62.6,OK,False,cold,Mumbai,M1,2025-01-10,629,17.83,-0.8999999999999986,171.0
B1,1790881200,18.2,58.0,OK,2026-10-01 19:00:00+00:00,2026-10-02 00:30:00+05:30,2026-10-02,0,64.8,OK,False,cold,Mumbai,M1,2025-01-10,629,17.85,1.1999999999999993,138.0
B1,1790883000,17.0,64.0,OK,2026-10-01 19:30:00+00:00,2026-10-02 01:00:00+05:30,2026-10-02,1,62.6,OK,False,cold,Mumbai,M1,2025-01-10,629,17.67,-1.1999999999999993,172.0
B1,1790884800,17.3,67.0,OK,2026-10-01 20:00:00+00:00,2026-10-02 01:30:00+05:30,2026-10-02,1,63.1,OK,False,cold,Mumbai,M1,2025-01-10,629,17.47,0.3000000000000007,163.0
B1,1790886600,19.2,55.0,OK,2026-10-01 20:30:00+00:00,2026-10-02 02:00:00+05:30,2026-10-02,2,66.6,OK,False,cold,Mumbai,M1,2025-01-10,629,17.77,1.8999999999999986,108.0
B1,1790888400,17.8,48.0,OK,2026-10-01 21:00:00+00:00,2026-10-02 02:30:00+05:30,2026-10-02,2,64.0,OK,False,cold,Mumbai,M1,2025-01-10,629,17.75,-1.3999999999999986,153.0
B1,1790890200,17.0,58.0,OK,2026-10-01 21:30:00+00:00,2026-10-02 03:00:00+05:30,2026-10-02,3,62.6,OK,False,cold,Mumbai,M1,2025-01-10,629,17.75,-0.8000000000000007,173.0
B1,1790892000,18.3,34.0,OK,2026-10-01 22:00:00+00:00,2026-10-02 03:30:00+05:30,2026-10-02,3,64.9,OK,False,cold,Mumbai,M1,2025-01-10,629,17.77,1.3000000000000007,135.0
B1,1790893800,19.8,31.0,OK,2026-10-01 22:30:00+00:00,2026-10-02 04:00:00+05:30,2026-10-02,4,67.6,OK,False,cold,Mumbai,M1,2025-01-10,629,18.23,1.5,101.0
B1,1790895600,20.5,39.0,OK,2026-10-01 23:00:00+00:00,2026-10-02 04:30:00+05:30,2026-10-02,4,68.9,OK,False,mild,Mumbai,M1,2025-01-10,629,18.77,0.6999999999999993,86.0
B1,1790897400,18.5,48.0,OK,2026-10-01 23:30:00+00:00,2026-10-02 05:00:00+05:30,2026-10-02,5,65.3,OK,False,cold,Mumbai,M1,2025-01-10,629,18.65,-2.0,129.0
B1,1790899200,20.4,64.0,OK,2026-10-02 00:00:00+00:00,2026-10-02 05:30:00+05:30,2026-10-02,5,68.7,OK,False,mild,Mumbai,M1,2025-01-10,630,19.08,1.8999999999999986,88.0
B1,1790901000,18.6,48.0,OK,2026-10-02 00:30:00+00:00,2026-10-02 06:00:00+05:30,2026-10-02,6,65.5,OK,False,cold,Mumbai,M1,2025-01-10,630,19.35,-1.7999999999999972,127.0
B1,1790902800,22.0,45.0,OK,2026-10-02 01:00:00+00:00,2026-10-02 06:30:00+05:30,2026-10-02,6,71.6,OK,False,mild,Mumbai,M1,2025-01-10,630,19.97,3.3999999999999986,45.0
B1,1790904600,21.7,41.0,OK,2026-10-02 01:30:00+00:00,2026-10-02 07:00:00+05:30,2026-10-02,7,71.1,OK,False,mild,Mumbai,M1,2025-01-10,630,20.28,-0.3000000000000007,53.0
B1,1790906400,20.9,48.0,OK,2026-10-02 02:00:00+00:00,2026-10-02 07:30:00+05:30,2026-10-02,7,69.6,OK,False,mild,Mumbai,M1,2025-01-10,630,20.35,-0.8000000000000007,73.0
B1,1790908200,21.5,38.0,OK,2026-10-02 02:30:00+00:00,2026-10-02 08:00:00+05:30,2026-10-02,8,70.7,OK,False,mild,Mumbai,M1,2025-01-10,630,20.85,0.6000000000000014,58.0
B1,1790910000,23.4,58.0,OK,2026-10-02 03:00:00+00:00,2026-10-02 08:30:00+05:30,2026-10-02,8,74.1,OK,False,mild,Mumbai,M1,2025-01-10,630,21.35,1.8999999999999986,17.0
B1,1790911800,21.4,32.0,OK,2026-10-02 03:30:00+00:00,2026-10-02 09:00:00+05:30,2026-10-02,9,70.5,OK,False,mild,Mumbai,M1,2025-01-10,630,21.82,-2.0,61.0
B1,1790913600,22.8,44.0,OK,2026-10-02 04:00:00+00:00,2026-10-02 09:30:00+05:30,2026-10-02,9,73.0,OK,False,mild,Mumbai,M1,2025-01-10,630,21.95,1.4000000000000021,29.0
B1,1790915400,23.6,59.0,OK,2026-10-02 04:30:00+00:00,2026-10-02 10:00:00+05:30,2026-10-02,10,74.5,OK,False,mild,Mumbai,M1,2025-01-10,630,22.27,0.8000000000000007,12.0
B1,1790917200,23.2,33.0,OK,2026-10-02 05:00:00+00:00,2026-10-02 10:30:00+05:30,2026-10-02,10,73.8,OK,False,mild,Mumbai,M1,2025-01-10,630,22.65,-0.40000000000000213,20.0
B1,1790919000,23.1,52.0,OK,2026-10-02 05:30:00+00:00,2026-10-02 11:00:00+05:30,2026-10-02,11,73.6,OK,False,mild,Mumbai,M1,2025-01-10,630,22.92,-0.09999999999999787,24.0
B1,1790920800,22.6,45.0,OK,2026-10-02 06:00:00+00:00,2026-10-02 11:30:00+05:30,2026-10-02,11,72.7,OK,False,mild,Mumbai,M1,2025-01-10,630,22.78,-0.5,36.0
B1,1790922600,23.2,34.0,OK,2026-10-02 06:30:00+00:00,2026-10-02 12:00:00+05:30,2026-10-02,12,73.8,OK,False,mild,Mumbai,M1,2025-01-10,630,23.08,0.5999999999999979,21.0
B1,1790924400,24.0,62.0,OK,2026-10-02 07:00:00+00:00,2026-10-02 12:30:00+05:30,2026-10-02,12,75.2,OK,False,mild,Mumbai,M1,2025-01-10,630,23.28,0.8000000000000007,8.0
B1,1790926200,22.2,62.0,OK,2026-10-02 07:30:00+00:00,2026-10-02 13:00:00+05:30,2026-10-02,13,72.0,OK,False,mild,Mumbai,M1,2025-01-10,630,23.05,-1.8000000000000007,40.0
B1,1790928000,24.1,47.0,OK,2026-10-02 08:00:00+00:00,2026-10-02 13:30:00+05:30,2026-10-02,13,75.4,OK,False,mild,Mumbai,M1,2025-01-10,630,23.2,1.9000000000000021,5.0
B1,1790929800,24.8,64.0,OK,2026-10-02 08:30:00+00:00,2026-10-02 14:00:00+05:30,2026-10-02,14,76.6,OK,False,mild,Mumbai,M1,2025-01-10,630,23.48,0.6999999999999993,2.0
B1,1790931600,22.2,49.0,OK,2026-10-02 09:00:00+00:00,2026-10-02 14:30:00+05:30,2026-10-02,14,72.0,OK,False,mild,Mumbai,M1,2025-01-10,630,23.42,-2.6000000000000014,41.0
B1,1790933400,23.7,50.0,OK,2026-10-02 09:30:00+00:00,2026-10-02 15:00:00+05:30,2026-10-02,15,74.7,OK,False,mild,Mumbai,M1,2025-01-10,630,23.5,1.5,9.0
B1,1790935200,21.4,60.0,OK,2026-10-02 10:00:00+00:00,2026-10-02 15:30:00+05:30,2026-10-02,15,70.5,OK,False,mild,Mumbai,M1,2025-01-10,630,23.07,-2.3000000000000007,62.0
B1,1790937000,21.3,32.0,OK,2026-10-02 10:30:00+00:00,2026-10-02 16:00:00+05:30,2026-10-02,16,70.3,OK,False,mild,Mumbai,M1,2025-01-10,630,22.92,-0.09999999999999787,66.0
B1,1790938800,21.3,47.0,OK,2026-10-02 11:00:00+00:00,2026-10-02 16:30:00+05:30,2026-10-02,16,70.3,OK,False,mild,Mumbai,M1,2025-01-10,630,22.45,0.0,67.0
B1,1790940600,18.4,48.0,OK,2026-10-02 11:30:00+00:00,2026-10-02 17:00:00+05:30,2026-10-02,17,65.1,OK,False,cold,Mumbai,M1,2025-01-10,630,21.38,-2.900000000000002,134.0
B1,1790942400,18.3,69.0,OK,2026-10-02 12:00:00+00:00,2026-10-02 17:30:00+05:30,2026-10-02,17,64.9,OK,False,cold,Mumbai,M1,2025-01-10,630,20.73,-0.09999999999999787,136.0
B1,1790944200,18.7,48.0,OK,2026-10-02 12:30:00+00:00,2026-10-02 18:00:00+05:30,2026-10-02,18,65.7,OK,False,cold,Mumbai,M1,2025-01-10,630,19.9,0.3999999999999986,125.0
B1,1790946000,19.1,30.0,OK,2026-10-02 13:00:00+00:00,2026-10-02 18:30:00+05:30,2026-10-02,18,66.4,OK,False,cold,Mumbai,M1,2025-01-10,630,19.52,0.40000000000000213,111.0
B1,1790947800,19.6,36.0,OK,2026-10-02 13:30:00+00:00,2026-10-02 19:00:00+05:30,2026-10-02,19,67.3,OK,False,cold,Mumbai,M1,2025-01-10,630,19.23,0.5,104.0
B1,1790949600,18.1,39.0,OK,2026-10-02 14:00:00+00:00,2026-10-02 19:30:00+05:30,2026-10-02,19,64.6,OK,False,cold,Mumbai,M1,2025-01-10,630,18.7,-1.5,144.0
B1,1790951400,17.1,68.0,OK,2026-10-02 14:30:00+00:00,2026-10-02 20:00:00+05:30,2026-10-02,20,62.8,OK,False,cold,Mumbai,M1,2025-01-10,630,18.48,-1.0,169.0
B1,1790953200,17.4,61.0,OK,2026-10-02 15:00:00+00:00,2026-10-02 20:30:00+05:30,2026-10-02,20,63.3,OK,False,cold,Mumbai,M1,2025-01-10,630,18.33,0.29999999999999716,160.0
B1,1790955000,19.0,42.0,OK,2026-10-02 15:30:00+00:00,2026-10-02 21:00:00+05:30,2026-10-02,21,66.2,OK,False,cold,Mumbai,M1,2025-01-10,630,18.38,1.6000000000000014,117.0
B1,1790956800,17.4,60.0,OK,2026-10-02 16:00:00+00:00,2026-10-02 21:30:00+05:30,2026-10-02,21,63.3,OK,False,cold,Mumbai,M1,2025-01-10,630,18.1,-1.6000000000000014,161.0
B1,1790958600,16.8,53.0,OK,2026-10-02 16:30:00+00:00,2026-10-02 22:00:00+05:30,2026-10-02,22,62.2,OK,False,cold,Mumbai,M1,2025-01-10,630,17.63,-0.5999999999999979,178.0
B1,1790960400,16.8,47.0,OK,2026-10-02 17:00:00+00:00,2026-10-02 22:30:00+05:30,2026-10-02,22,62.2,OK,False,cold,Mumbai,M1,2025-01-10,630,17.42,0.0,179.0
B1,1790962200,15.1,37.0,OK,2026-10-02 17:30:00+00:00,2026-10-02 23:00:00+05:30,2026-10-02,23,59.2,OK,False,cold,Mumbai,M1,2025-01-10,630,17.08,-1.700000000000001,192.0
B1,1790964000,15.8,37.0,OK,2026-10-02 18:00:00+00:00,2026-10-02 23:30:00+05:30,2026-10-02,23,60.4,OK,False,cold,Mumbai,M1,2025-01-10,630,16.82,0.7000000000000011,188.0
B1,1790965800,20.1,36.0,OK,2026-10-02 18:30:00+00:00,2026-10-03 00:00:00+05:30,2026-10-03,0,68.2,OK,False,mild,Mumbai,M1,2025-01-10,630,17.0,4.300000000000001,94.0
B1,1790967600,18.2,53.0,OK,2026-10-02 19:00:00+00:00,2026-10-03 00:30:00+05:30,2026-10-03,0,64.8,OK,False,cold,Mumbai,M1,2025-01-10,630,17.13,-1.9000000000000021,139.0
B1,1790969400,18.2,48.0,OK,2026-10-02 19:30:00+00:00,2026-10-03 01:00:00+05:30,2026-10-03,1,64.8,OK,False,cold,Mumbai,M1,2025-01-10,630,17.37,0.0,140.0
B1,1790971200,19.9,42.0,OK,2026-10-02 20:00:00+00:00,2026-10-03 01:30:00+05:30,2026-10-03,1,67.8,OK,False,cold,Mumbai,M1,2025-01-10,630,17.88,1.6999999999999993,99.0
B1,1790973000,17.2,46.0,OK,2026-10-02 20:30:00+00:00,2026-10-03 02:00:00+05:30,2026-10-03,2,63.0,OK,False,cold,Mumbai,M1,2025-01-10,630,18.23,-2.6999999999999993,166.0
B1,1790974800,19.3,57.0,OK,2026-10-02 21:00:00+00:00,2026-10-03 02:30:00+05:30,2026-10-03,2,66.7,OK,False,cold,Mumbai,M1,2025-01-10,630,18.82,2.1000000000000014,106.0
B1,1790976600,19.0,51.0,OK,2026-10-02 21:30:00+00:00,2026-10-03 03:00:00+05:30,2026-10-03,3,66.2,OK,False,cold,Mumbai,M1,2025-01-10,630,18.63,-0.3000000000000007,118.0
B1,1790978400,17.9,35.0,OK,2026-10-02 22:00:00+00:00,2026-10-03 03:30:00+05:30,2026-10-03,3,64.2,OK,False,cold,Mumbai,M1,2025-01-10,630,18.58,-1.1000000000000014,150.0
B1,1790980200,20.9,34.0,OK,2026-10-02 22:30:00+00:00,2026-10-03 04:00:00+05:30,2026-10-03,4,69.6,OK,False,mild,Mumbai,M1,2025-01-10,630,19.03,3.0,74.0
B1,1790982000,19.9,54.0,OK,2026-10-02 23:00:00+00:00,2026-10-03 04:30:00+05:30,2026-10-03,4,67.8,OK,False,cold,Mumbai,M1,2025-01-10,630,19.03,-1.0,100.0
B1,1790983800,17.2,34.0,OK,2026-10-02 23:30:00+00:00,2026-10-03 05:00:00+05:30,2026-10-03,5,63.0,OK,False,cold,Mumbai,M1,2025-01-10,630,19.03,-2.6999999999999993,167.0
B1,1790985600,20.8,37.0,OK,2026-10-03 00:00:00+00:00,2026-10-03 05:30:00+05:30,2026-10-03,5,69.4,OK,False,mild,Mumbai,M1,2025-01-10,631,19.28,3.6000000000000014,76.0
B1,1790987400,20.9,66.0,OK,2026-10-03 00:30:00+00:00,2026-10-03 06:00:00+05:30,2026-10-03,6,69.6,OK,False,mild,Mumbai,M1,2025-01-10,631,19.6,0.09999999999999787,75.0
B1,1790989200,21.6,57.0,OK,2026-10-03 01:00:00+00:00,2026-10-03 06:30:00+05:30,2026-10-03,6,70.9,OK,False,mild,Mumbai,M1,2025-01-10,631,20.22,0.7000000000000028,56.0
B1,1790991000,19.1,37.0,OK,2026-10-03 01:30:00+00:00,2026-10-03 07:00:00+05:30,2026-10-03,7,66.4,OK,False,cold,Mumbai,M1,2025-01-10,631,19.92,-2.5,112.0
B1,1790992800,21.9,67.0,OK,2026-10-03 02:00:00+00:00,2026-10-03 07:30:00+05:30,2026-10-03,7,71.4,OK,False,mild,Mumbai,M1,2025-01-10,631,20.25,2.799999999999997,47.0
B1,1790994600,21.4,32.0,OK,2026-10-03 02:30:00+00:00,2026-10-03 08:00:00+05:30,2026-10-03,8,70.5,OK,False,mild,Mumbai,M1,2025-01-10,631,20.95,-0.5,63.0
B1,1790996400,21.4,69.0,OK,2026-10-03 03:00:00+00:00,2026-10-03 08:30:00+05:30,2026-10-03,8,70.5,OK,False,mild,Mumbai,M1,2025-01-10,631,21.05,0.0,64.0
B1,1790998200,19.6,50.0,OK,2026-10-03 03:30:00+00:00,2026-10-03 09:00:00+05:30,2026-10-03,9,67.3,OK,False,cold,Mumbai,M1,2025-01-10,631,20.83,-1.7999999999999972,105.0
B1,1791000000,24.1,57.0,OK,2026-10-03 04:00:00+00:00,2026-10-03 09:30:00+05:30,2026-10-03,9,75.4,OK,False,mild,Mumbai,M1,2025-01-10,631,21.25,4.5,6.0
B1,1791001800,24.1,35.0,OK,2026-10-03 04:30:00+00:00,2026-10-03 10:00:00+05:30,2026-10-03,10,75.4,OK,False,mild,Mumbai,M1,2025-01-10,631,22.08,0.0,7.0
B1,1791003600,25.3,60.0,OK,2026-10-03 05:00:00+00:00,2026-10-03 10:30:00+05:30,2026-10-03,10,77.5,OK,False,warm,Mumbai,M1,2025-01-10,631,22.65,1.1999999999999993,1.0
B1,1791005400,20.8,60.0,OK,2026-10-03 05:30:00+00:00,2026-10-03 11:00:00+05:30,2026-10-03,11,69.4,OK,False,mild,Mumbai,M1,2025-01-10,631,22.55,-4.5,77.0
B1,1791007200,21.9,40.0,OK,2026-10-03 06:00:00+00:00,2026-10-03 11:30:00+05:30,2026-10-03,11,71.4,OK,False,mild,Mumbai,M1,2025-01-10,631,22.63,1.0999999999999979,48.0
B1,1791009000,21.9,42.0,OK,2026-10-03 06:30:00+00:00,2026-10-03 12:00:00+05:30,2026-10-03,12,71.4,OK,False,mild,Mumbai,M1,2025-01-10,631,23.02,0.0,49.0
B1,1791010800,23.0,49.0,OK,2026-10-03 07:00:00+00:00,2026-10-03 12:30:00+05:30,2026-10-03,12,73.4,OK,False,mild,Mumbai,M1,2025-01-10,631,22.83,1.1000000000000014,25.0
B1,1791012600,23.2,64.0,OK,2026-10-03 07:30:00+00:00,2026-10-03 13:00:00+05:30,2026-10-03,13,73.8,OK,False,mild,Mumbai,M1,2025-01-10,631,22.68,0.1999999999999993,22.0
B1,1791014400,20.8,54.0,OK,2026-10-03 08:00:00+00:00,2026-10-03 13:30:00+05:30,2026-10-03,13,69.4,OK,False,mild,Mumbai,M1,2025-01-10,631,21.93,-2.3999999999999986,78.0
B1,1791016200,22.2,56.0,OK,2026-10-03 08:30:00+00:00,2026-10-03 14:00:00+05:30,2026-10-03,14,72.0,OK,False,mild,Mumbai,M1,2025-01-10,631,22.17,1.3999999999999986,42.0
B1,1791018000,21.7,49.0,OK,2026-10-03 09:00:00+00:00,2026-10-03 14:30:00+05:30,2026-10-03,14,71.1,OK,False,mild,Mumbai,M1,2025-01-10,631,22.13,-0.5,54.0
B1,1791019800,21.2,35.0,OK,2026-10-03 09:30:00+00:00,2026-10-03 15:00:00+05:30,2026-10-03,15,70.2,OK,False,mild,Mumbai,M1,2025-01-10,631,22.02,-0.5,70.0
B1,1791021600,20.8,64.0,OK,2026-10-03 10:00:00+00:00,2026-10-03 15:30:00+05:30,2026-10-03,15,69.4,OK,False,mild,Mumbai,M1,2025-01-10,631,21.65,-0.3999999999999986,79.0
B1,1791023400,21.1,38.0,OK,2026-10-03 10:30:00+00:00,2026-10-03 16:00:00+05:30,2026-10-03,16,70.0,OK,False,mild,Mumbai,M1,2025-01-10,631,21.3,0.3000000000000007,72.0
B1,1791025200,23.0,39.0,OK,2026-10-03 11:00:00+00:00,2026-10-03 16:30:00+05:30,2026-10-03,16,73.4,OK,False,mild,Mumbai,M1,2025-01-10,631,21.67,1.8999999999999986,26.0
B1,1791027000,22.0,44.0,OK,2026-10-03 11:30:00+00:00,2026-10-03 17:00:00+05:30,2026-10-03,17,71.6,OK,False,mild,Mumbai,M1,2025-01-10,631,21.63,-1.0,46.0
B1,1791028800,20.8,45.0,OK,2026-10-03 12:00:00+00:00,2026-10-03 17:30:00+05:30,2026-10-03,17,69.4,OK,False,mild,Mumbai,M1,2025-01-10,631,21.48,-1.1999999999999993,80.0
B1,1791030600,21.3,31.0,OK,2026-10-03 12:30:00+00:00,2026-10-03 18:00:00+05:30,2026-10-03,18,70.3,OK,False,mild,Mumbai,M1,2025-01-10,631,21.5,0.5,68.0
B1,1791032400,19.2,60.0,OK,2026-10-03 13:00:00+00:00,2026-10-03 18:30:00+05:30,2026-10-03,18,66.6,OK,False,cold,Mumbai,M1,2025-01-10,631,21.23,-2.1000000000000014,109.0
B1,1791034200,18.5,40.0,OK,2026-10-03 13:30:00+00:00,2026-10-03 19:00:00+05:30,2026-10-03,19,65.3,OK,False,cold,Mumbai,M1,2025-01-10,631,20.8,-0.6999999999999993,130.0
B1,1791036000,18.5,64.0,OK,2026-10-03 14:00:00+00:00,2026-10-03 19:30:00+05:30,2026-10-03,19,65.3,OK,False,cold,Mumbai,M1,2025-01-10,631,20.05,0.0,131.0
B1,1791037800,18.1,46.0,OK,2026-10-03 14:30:00+00:00,2026-10-03 20:00:00+05:30,2026-10-03,20,64.6,OK,False,cold,Mumbai,M1,2025-01-10,631,19.4,-0.3999999999999986,145.0
B1,1791039600,16.6,48.0,OK,2026-10-03 15:00:00+00:00,2026-10-03 20:30:00+05:30,2026-10-03,20,61.9,OK,False,cold,Mumbai,M1,2025-01-10,631,18.7,-1.5,182.0
B1,1791041400,20.4,42.0,OK,2026-10-03 15:30:00+00:00,2026-10-03 21:00:00+05:30,2026-10-03,21,68.7,OK,False,mild,Mumbai,M1,2025-01-10,631,18.55,3.799999999999997,89.0
B1,1791043200,17.3,47.0,OK,2026-10-03 16:00:00+00:00,2026-10-03 21:30:00+05:30,2026-10-03,21,63.1,OK,False,cold,Mumbai,M1,2025-01-10,631,18.23,-3.099999999999998,164.0
B1,1791045000,17.9,35.0,OK,2026-10-03 16:30:00+00:00,2026-10-03 22:00:00+05:30,2026-10-03,22,64.2,OK,False,cold,Mumbai,M1,2025-01-10,631,18.13,0.5999999999999979,151.0
B1,1791046800,18.0,61.0,OK,2026-10-03 17:00:00+00:00,2026-10-03 22:30:00+05:30,2026-10-03,22,64.4,OK,False,cold,Mumbai,M1,2025-01-10,631,18.05,0.10000000000000142,147.0
B1,1791048600,16.8,67.0,OK,2026-10-03 17:30:00+00:00,2026-10-03 23:00:00+05:30,2026-10-03,23,62.2,OK,False,cold,Mumbai,M1,2025-01-10,631,17.83,-1.1999999999999993,180.0
B1,1791050400,18.1,62.0,OK,2026-10-03 18:00:00+00:00,2026-10-03 23:30:00+05:30,2026-10-03,23,64.6,OK,False,cold,Mumbai,M1,2025-01-10,631,18.08,1.3000000000000007,146.0
B1,1791052200,17.2,49.0,OK,2026-10-03 18:30:00+00:00,2026-10-04 00:00:00+05:30,2026-10-04,0,63.0,OK,False,cold,Mumbai,M1,2025-01-10,631,17.55,-0.9000000000000021,168.0
B1,1791054000,19.0,37.0,OK,2026-10-03 19:00:00+00:00,2026-10-04 00:30:00+05:30,2026-10-04,0,66.2,OK,False,cold,Mumbai,M1,2025-01-10,631,17.83,1.8000000000000007,119.0
B1,1791055800,17.3,57.0,OK,2026-10-03 19:30:00+00:00,2026-10-04 01:00:00+05:30,2026-10-04,1,63.1,OK,False,cold,Mumbai,M1,2025-01-10,631,17.73,-1.6999999999999993,165.0
B1,1791057600,16.8,69.0,OK,2026-10-03 20:00:00+00:00,2026-10-04 01:30:00+05:30,2026-10-04,1,62.2,OK,False,cold,Mumbai,M1,2025-01-10,631,17.53,-0.5,181.0
B1,1791059400,15.3,34.0,OK,2026-10-03 20:30:00+00:00,2026-10-04 02:00:00+05:30,2026-10-04,2,59.5,OK,False,cold,Mumbai,M1,2025-01-10,631,17.28,-1.5,191.0
B1,1791061200,17.1,31.0,OK,2026-10-03 21:00:00+00:00,2026-10-04 02:30:00+05:30,2026-10-04,2,62.8,OK,False,cold,Mumbai,M1,2025-01-10,631,17.12,1.8000000000000007,170.0
B1,1791063000,19.0,67.0,OK,2026-10-03 21:30:00+00:00,2026-10-04 03:00:00+05:30,2026-10-04,3,66.2,OK,False,cold,Mumbai,M1,2025-01-10,631,17.42,1.8999999999999986,120.0
B1,1791064800,19.0,44.0,OK,2026-10-03 22:00:00+00:00,2026-10-04 03:30:00+05:30,2026-10-04,3,66.2,OK,False,cold,Mumbai,M1,2025-01-10,631,17.42,0.0,121.0
B1,1791066600,17.0,54.0,OK,2026-10-03 22:30:00+00:00,2026-10-04 04:00:00+05:30,2026-10-04,4,62.6,OK,False,cold,Mumbai,M1,2025-01-10,631,17.37,-2.0,174.0
B1,1791068400,20.1,66.0,OK,2026-10-03 23:00:00+00:00,2026-10-04 04:30:00+05:30,2026-10-04,4,68.2,OK,False,mild,Mumbai,M1,2025-01-10,631,17.92,3.1000000000000014,95.0
B1,1791070200,18.8,48.0,OK,2026-10-03 23:30:00+00:00,2026-10-04 05:00:00+05:30,2026-10-04,5,65.8,OK,False,cold,Mumbai,M1,2025-01-10,631,18.5,-1.3000000000000007,124.0
B1,1791072000,20.6,63.0,OK,2026-10-04 00:00:00+00:00,2026-10-04 05:30:00+05:30,2026-10-04,5,69.1,OK,False,mild,Mumbai,M1,2025-01-10,632,19.08,1.8000000000000007,84.0
B1,1791073800,17.9,57.0,OK,2026-10-04 00:30:00+00:00,2026-10-04 06:00:00+05:30,2026-10-04,6,64.2,OK,False,cold,Mumbai,M1,2025-01-10,632,18.9,-2.700000000000003,152.0
B1,1791075600,20.3,66.0,OK,2026-10-04 01:00:00+00:00,2026-10-04 06:30:00+05:30,2026-10-04,6,68.5,OK,False,mild,Mumbai,M1,2025-01-10,632,19.12,2.400000000000002,93.0
B1,1791077400,20.4,62.0,OK,2026-10-04 01:30:00+00:00,2026-10-04 07:00:00+05:30,2026-10-04,7,68.7,OK,False,mild,Mumbai,M1,2025-01-10,632,19.68,0.09999999999999787,90.0
B1,1791079200,21.9,58.0,OK,2026-10-04 02:00:00+00:00,2026-10-04 07:30:00+05:30,2026-10-04,7,71.4,OK,False,mild,Mumbai,M1,2025-01-10,632,19.98,1.5,50.0
B1,1791081000,23.7,65.0,OK,2026-10-04 02:30:00+00:00,2026-10-04 08:00:00+05:30,2026-10-04,8,74.7,OK,False,mild,Mumbai,M1,2025-01-10,632,20.8,1.8000000000000007,10.0
B1,1791082800,21.9,38.0,OK,2026-10-04 03:00:00+00:00,2026-10-04 08:30:00+05:30,2026-10-04,8,71.4,OK,False,mild,Mumbai,M1,2025-01-10,632,21.02,-1.8000000000000007,51.0
B1,1791084600,21.5,48.0,OK,2026-10-04 03:30:00+00:00,2026-10-04 09:00:00+05:30,2026-10-04,9,70.7,OK,False,mild,Mumbai,M1,2025-01-10,632,21.62,-0.3999999999999986,59.0
B1,1791086400,21.5,56.0,OK,2026-10-04 04:00:00+00:00,2026-10-04 09:30:00+05:30,2026-10-04,9,70.7,OK,False,mild,Mumbai,M1,2025-01-10,632,21.82,0.0,60.0
B1,1791088200,23.3,44.0,OK,2026-10-04 04:30:00+00:00,2026-10-04 10:00:00+05:30,2026-10-04,10,73.9,OK,False,mild,Mumbai,M1,2025-01-10,632,22.3,1.8000000000000007,18.0
B1,1791090000,22.1,59.0,OK,2026-10-04 05:00:00+00:00,2026-10-04 10:30:00+05:30,2026-10-04,10,71.8,OK,False,mild,Mumbai,M1,2025-01-10,632,22.33,-1.1999999999999993,44.0
B1,1791091800,22.9,44.0,OK,2026-10-04 05:30:00+00:00,2026-10-04 11:00:00+05:30,2026-10-04,11,73.2,OK,False,mild,Mumbai,M1,2025-01-10,632,22.2,0.7999999999999972,27.0
B1,1791093600,20.6,46.0,OK,2026-10-04 06:00:00+00:00,2026-10-04 11:30:00+05:30,2026-10-04,11,69.1,OK,False,mild,Mumbai,M1,2025-01-10,632,21.98,-2.299999999999997,85.0
B1,1791095400,22.8,47.0,OK,2026-10-04 06:30:00+00:00,2026-10-04 12:00:00+05:30,2026-10-04,12,73.0,OK,False,mild,Mumbai,M1,2025-01-10,632,22.2,2.1999999999999993,30.0
B1,1791097200,23.3,59.0,OK,2026-10-04 07:00:00+00:00,2026-10-04 12:30:00+05:30,2026-10-04,12,73.9,OK,False,mild,Mumbai,M1,2025-01-10,632,22.5,0.5,19.0
B1,1791099000,23.5,35.0,OK,2026-10-04 07:30:00+00:00,2026-10-04 13:00:00+05:30,2026-10-04,13,74.3,OK,False,mild,Mumbai,M1,2025-01-10,632,22.53,0.1999999999999993,16.0
B1,1791100800,22.6,31.0,OK,2026-10-04 08:00:00+00:00,2026-10-04 13:30:00+05:30,2026-10-04,13,72.7,OK,False,mild,Mumbai,M1,2025-01-10,632,22.62,-0.8999999999999986,37.0
B1,1791102600,22.9,52.0,OK,2026-10-04 08:30:00+00:00,2026-10-04 14:00:00+05:30,2026-10-04,14,73.2,OK,False,mild,Mumbai,M1,2025-01-10,632,22.62,0.29999999999999716,28.0
B1,1791104400,22.6,50.0,OK,2026-10-04 09:00:00+00:00,2026-10-04 14:30:00+05:30,2026-10-04,14,72.7,OK,False,mild,Mumbai,M1,2025-01-10,632,22.95,-0.29999999999999716,38.0
B1,1791106200,20.1,39.0,OK,2026-10-04 09:30:00+00:00,2026-10-04 15:00:00+05:30,2026-10-04,15,68.2,OK,False,mild,Mumbai,M1,2025-01-10,632,22.5,-2.5,96.0
B1,1791108000,21.3,47.0,OK,2026-10-04 10:00:00+00:00,2026-10-04 15:30:00+05:30,2026-10-04,15,70.3,OK,False,mild,Mumbai,M1,2025-01-10,632,22.17,1.1999999999999993,69.0
B1,1791109800,21.4,42.0,OK,2026-10-04 10:30:00+00:00,2026-10-04 16:00:00+05:30,2026-10-04,16,70.5,OK,False,mild,Mumbai,M1,2025-01-10,632,21.82,0.09999999999999787,65.0
B1,1791111600,19.1,49.0,OK,2026-10-04 11:00:00+00:00,2026-10-04 16:30:00+05:30,2026-10-04,16,66.4,OK,False,cold,Mumbai,M1,2025-01-10,632,21.23,-2.299999999999997,113.0
B1,1791113400,20.5,48.0,OK,2026-10-04 11:30:00+00:00,2026-10-04 17:00:00+05:30,2026-10-04,17,68.9,OK,False,mild,Mumbai,M1,2025-01-10,632,20.83,1.3999999999999986,87.0
B1,1791115200,18.5,40.0,OK,2026-10-04 12:00:00+00:00,2026-10-04 17:30:00+05:30,2026-10-04,17,65.3,OK,False,cold,Mumbai,M1,2025-01-10,632,20.15,-2.0,132.0
B1,1791117000,19.3,34.0,OK,2026-10-04 12:30:00+00:00,2026-10-04 18:00:00+05:30,2026-10-04,18,66.7,OK,False,cold,Mumbai,M1,2025-01-10,632,20.02,0.8000000000000007,107.0
B1,1791118800,19.1,42.0,OK,2026-10-04 13:00:00+00:00,2026-10-04 18:30:00+05:30,2026-10-04,18,66.4,OK,False,cold,Mumbai,M1,2025-01-10,632,19.65,-0.1999999999999993,114.0
B1,1791120600,19.0,41.0,OK,2026-10-04 13:30:00+00:00,2026-10-04 19:00:00+05:30,2026-10-04,19,66.2,OK,False,cold,Mumbai,M1,2025-01-10,632,19.25,-0.10000000000000142,122.0
B1,1791122400,17.7,59.0,OK,2026-10-04 14:00:00+00:00,2026-10-04 19:30:00+05:30,2026-10-04,19,63.9,OK,False,cold,Mumbai,M1,2025-01-10,632,19.02,-1.3000000000000007,156.0
B1,1791124200,17.7,46.0,OK,2026-10-04 14:30:00+00:00,2026-10-04 20:00:00+05:30,2026-10-04,20,63.9,OK,False,cold,Mumbai,M1,2025-01-10,632,18.55,0.0,157.0
B1,1791126000,17.8,56.0,OK,2026-10-04 15:00:00+00:00,2026-10-04 20:30:00+05:30,2026-10-04,20,64.0,OK,False,cold,Mumbai,M1,2025-01-10,632,18.43,0.10000000000000142,154.0
B1,1791127800,20.7,43.0,OK,2026-10-04 15:30:00+00:00,2026-10-04 21:00:00+05:30,2026-10-04,21,69.3,OK,False,mild,Mumbai,M1,2025-01-10,632,18.67,2.8999999999999986,82.0
B1,1791129600,16.2,60.0,OK,2026-10-04 16:00:00+00:00,2026-10-04 21:30:00+05:30,2026-10-04,21,61.2,OK,False,cold,Mumbai,M1,2025-01-10,632,18.18,-4.5,186.0
B1,1791131400,16.2,36.0,OK,2026-10-04 16:30:00+00:00,2026-10-04 22:00:00+05:30,2026-10-04,22,61.2,OK,False,cold,Mumbai,M1,2025-01-10,632,17.72,0.0,187.0
B1,1791133200,18.0,52.0,OK,2026-10-04 17:00:00+00:00,2026-10-04 22:30:00+05:30,2026-10-04,22,64.4,OK,False,cold,Mumbai,M1,2025-01-10,632,17.77,1.8000000000000007,148.0
B1,1791135000,16.4,68.0,OK,2026-10-04 17:30:00+00:00,2026-10-04 23:00:00+05:30,2026-10-04,23,61.5,OK,False,cold,Mumbai,M1,2025-01-10,632,17.55,-1.6000000000000014,185.0
B1,1791136800,17.0,61.0,OK,2026-10-04 18:00:00+00:00,2026-10-04 23:30:00+05:30,2026-10-04,23,62.6,OK,False,cold,Mumbai,M1,2025-01-10,632,17.42,0.6000000000000014,175.0
B1,1791138600,17.0,38.0,OK,2026-10-04 18:30:00+00:00,2026-10-05 00:00:00+05:30,2026-10-05,0,62.6,OK,False,cold,Mumbai,M1,2025-01-10,632,16.8,0.0,176.0
B1,1791140400,16.5,48.0,OK,2026-10-04 19:00:00+00:00,2026-10-05 00:30:00+05:30,2026-10-05,0,61.7,OK,False,cold,Mumbai,M1,2025-01-10,632,16.85,-0.5,184.0
B1,1791142200,15.5,54.0,OK,2026-10-04 19:30:00+00:00,2026-10-05 01:00:00+05:30,2026-10-05,1,59.9,OK,False,cold,Mumbai,M1,2025-01-10,632,16.73,-1.0,190.0
B1,1791144000,16.9,61.0,OK,2026-10-04 20:00:00+00:00,2026-10-05 01:30:00+05:30,2026-10-05,1,62.4,OK,False,cold,Mumbai,M1,2025-01-10,632,16.55,1.3999999999999986,177.0
B1,1791145800,17.4,31.0,OK,2026-10-04 20:30:00+00:00,2026-10-05 02:00:00+05:30,2026-10-05,2,63.3,OK,False,cold,Mumbai,M1,2025-01-10,632,16.72,0.5,162.0
B1,1791147600,15.7,41.0,OK,2026-10-04 21:00:00+00:00,2026-10-05 02:30:00+05:30,2026-10-05,2,60.3,OK,False,cold,Mumbai,M1,2025-01-10,632,16.5,-1.6999999999999993,189.0
B1,1791149400,19.1,58.0,OK,2026-10-04 21:30:00+00:00,2026-10-05 03:00:00+05:30,2026-10-05,3,66.4,OK,False,cold,Mumbai,M1,2025-01-10,632,16.85,3.400000000000002,115.0
B1,1791151200,19.2,67.0,OK,2026-10-04 22:00:00+00:00,2026-10-05 03:30:00+05:30,2026-10-05,3,66.6,OK,False,cold,Mumbai,M1,2025-01-10,632,17.3,0.09999999999999787,110.0
B1,1791153000,17.8,30.0,OK,2026-10-04 22:30:00+00:00,2026-10-05 04:00:00+05:30,2026-10-05,4,64.0,OK,False,cold,Mumbai,M1,2025-01-10,632,17.68,-1.3999999999999986,155.0
B1,1791154800,20.0,35.0,OK,2026-10-04 23:00:00+00:00,2026-10-05 04:30:00+05:30,2026-10-05,4,68.0,OK,False,cold,Mumbai,M1,2025-01-10,632,18.2,2.1999999999999993,97.0
B1,1791156600,18.2,33.0,OK,2026-10-04 23:30:00+00:00,2026-10-05 05:00:00+05:30,2026-10-05,5,64.8,OK,False,cold,Mumbai,M1,2025-01-10,632,18.33,-1.8000000000000007,141.0
B2,1790812800,25.0,51.0,OK,2026-10-01 00:00:00+00:00,2026-10-01 05:30:00+05:30,2026-10-01,5,77.0,OK,False,mild,Mumbai,M2,2026-02-20,223,25.0,,113.0
B2,1790814600,26.7,32.0,OK,2026-10-01 00:30:00+00:00,2026-10-01 06:00:00+05:30,2026-10-01,6,80.1,OK,False,warm,Mumbai,M2,2026-02-20,223,25.85,1.6999999999999993,80.0
B2,1790816400,28.2,69.0,OK,2026-10-01 01:00:00+00:00,2026-10-01 06:30:00+05:30,2026-10-01,6,82.8,OK,False,warm,Mumbai,M2,2026-02-20,223,26.63,1.5,48.0
B2,1790818200,28.3,47.0,OK,2026-10-01 01:30:00+00:00,2026-10-01 07:00:00+05:30,2026-10-01,7,82.9,OK,False,warm,Mumbai,M2,2026-02-20,223,27.05,0.10000000000000142,41.0
B2,1790820000,26.8,51.0,OK,2026-10-01 02:00:00+00:00,2026-10-01 07:30:00+05:30,2026-10-01,7,80.2,OK,False,warm,Mumbai,M2,2026-02-20,223,27.0,-1.5,76.0
B2,1790821800,30.8,30.0,WARN,2026-10-01 02:30:00+00:00,2026-10-01 08:00:00+05:30,2026-10-01,8,87.4,WARN,False,hot,Mumbai,M2,2026-02-20,223,27.63,4.0,2.0
B2,1790823600,29.0,56.0,OK,2026-10-01 03:00:00+00:00,2026-10-01 08:30:00+05:30,2026-10-01,8,84.2,OK,False,warm,Mumbai,M2,2026-02-20,223,28.3,-1.8000000000000007,22.0
B2,1790825400,28.3,65.0,OK,2026-10-01 03:30:00+00:00,2026-10-01 09:00:00+05:30,2026-10-01,9,82.9,OK,False,warm,Mumbai,M2,2026-02-20,223,28.57,-0.6999999999999993,42.0
B2,1790827200,29.0,64.0,OK,2026-10-01 04:00:00+00:00,2026-10-01 09:30:00+05:30,2026-10-01,9,84.2,OK,False,warm,Mumbai,M2,2026-02-20,223,28.7,0.6999999999999993,23.0
B2,1790829000,28.2,42.0,OK,2026-10-01 04:30:00+00:00,2026-10-01 10:00:00+05:30,2026-10-01,10,82.8,OK,False,warm,Mumbai,M2,2026-02-20,223,28.68,-0.8000000000000007,49.0
B2,1790830800,26.8,69.0,OK,2026-10-01 05:00:00+00:00,2026-10-01 10:30:00+05:30,2026-10-01,10,80.2,OK,False,warm,Mumbai,M2,2026-02-20,223,28.68,-1.3999999999999986,77.0
B2,1790832600,29.0,31.0,OK,2026-10-01 05:30:00+00:00,2026-10-01 11:00:00+05:30,2026-10-01,11,84.2,OK,False,warm,Mumbai,M2,2026-02-20,223,28.38,2.1999999999999993,24.0
B2,1790834400,29.1,38.0,OK,2026-10-01 06:00:00+00:00,2026-10-01 11:30:00+05:30,2026-10-01,11,84.4,OK,False,warm,Mumbai,M2,2026-02-20,223,28.4,0.10000000000000142,20.0
B2,1790836200,29.4,34.0,OK,2026-10-01 06:30:00+00:00,2026-10-01 12:00:00+05:30,2026-10-01,12,84.9,OK,False,warm,Mumbai,M2,2026-02-20,223,28.58,0.29999999999999716,12.0
B2,1790838000,29.9,47.0,OK,2026-10-01 07:00:00+00:00,2026-10-01 12:30:00+05:30,2026-10-01,12,85.8,OK,False,warm,Mumbai,M2,2026-02-20,223,28.73,0.5,7.0
B2,1790839800,29.8,43.0,OK,2026-10-01 07:30:00+00:00,2026-10-01 13:00:00+05:30,2026-10-01,13,85.6,OK,False,warm,Mumbai,M2,2026-02-20,223,29.0,-0.09999999999999787,8.0
B2,1790841600,31.1,56.0,WARN,2026-10-01 08:00:00+00:00,2026-10-01 13:30:00+05:30,2026-10-01,13,88.0,WARN,False,hot,Mumbai,M2,2026-02-20,223,29.72,1.3000000000000007,1.0
B2,1790843400,28.7,61.0,OK,2026-10-01 08:30:00+00:00,2026-10-01 14:00:00+05:30,2026-10-01,14,83.7,OK,False,warm,Mumbai,M2,2026-02-20,223,29.67,-2.400000000000002,31.0
B2,1790845200,28.3,56.0,OK,2026-10-01 09:00:00+00:00,2026-10-01 14:30:00+05:30,2026-10-01,14,82.9,OK,False,warm,Mumbai,M2,2026-02-20,223,29.53,-0.3999999999999986,43.0
B2,1790847000,26.7,54.0,OK,2026-10-01 09:30:00+00:00,2026-10-01 15:00:00+05:30,2026-10-01,15,80.1,OK,False,warm,Mumbai,M2,2026-02-20,223,29.08,-1.6000000000000014,81.0
B2,1790848800,27.4,39.0,OK,2026-10-01 10:00:00+00:00,2026-10-01 15:30:00+05:30,2026-10-01,15,81.3,OK,False,warm,Mumbai,M2,2026-02-20,223,28.67,0.6999999999999993,70.0
B2,1790850600,28.0,53.0,OK,2026-10-01 10:30:00+00:00,2026-10-01 16:00:00+05:30,2026-10-01,16,82.4,OK,False,warm,Mumbai,M2,2026-02-20,223,28.37,0.6000000000000014,54.0
B2,1790852400,26.3,66.0,OK,2026-10-01 11:00:00+00:00,2026-10-01 16:30:00+05:30,2026-10-01,16,79.3,OK,False,warm,Mumbai,M2,2026-02-20,223,27.57,-1.6999999999999993,87.0
B2,1790854200,26.1,55.0,OK,2026-10-01 11:30:00+00:00,2026-10-01 17:00:00+05:30,2026-10-01,17,79.0,OK,False,warm,Mumbai,M2,2026-02-20,223,27.13,-0.1999999999999993,94.0
B2,1790856000,26.1,34.0,OK,2026-10-01 12:00:00+00:00,2026-10-01 17:30:00+05:30,2026-10-01,17,79.0,OK,False,warm,Mumbai,M2,2026-02-20,223,26.77,0.0,95.0
B2,1790857800,24.2,65.0,OK,2026-10-01 12:30:00+00:00,2026-10-01 18:00:00+05:30,2026-10-01,18,75.6,OK,False,mild,Mumbai,M2,2026-02-20,223,26.35,-1.9000000000000021,137.0
B2,1790859600,25.2,45.0,OK,2026-10-01 13:00:00+00:00,2026-10-01 18:30:00+05:30,2026-10-01,18,77.4,OK,False,warm,Mumbai,M2,2026-02-20,223,25.98,1.0,108.0
B2,1790861400,23.7,57.0,OK,2026-10-01 13:30:00+00:00,2026-10-01 19:00:00+05:30,2026-10-01,19,74.7,OK,False,mild,Mumbai,M2,2026-02-20,223,25.27,-1.5,150.0
B2,1790863200,24.2,40.0,OK,2026-10-01 14:00:00+00:00,2026-10-01 19:30:00+05:30,2026-10-01,19,75.6,OK,False,mild,Mumbai,M2,2026-02-20,223,24.92,0.5,138.0
B2,1790865000,22.9,48.0,OK,2026-10-01 14:30:00+00:00,2026-10-01 20:00:00+05:30,2026-10-01,20,73.2,OK,False,mild,Mumbai,M2,2026-02-20,223,24.38,-1.3000000000000007,168.0
B2,1790866800,24.1,38.0,OK,2026-10-01 15:00:00+00:00,2026-10-01 20:30:00+05:30,2026-10-01,20,75.4,OK,False,mild,Mumbai,M2,2026-02-20,223,24.05,1.2000000000000028,140.0
B2,1790868600,25.0,64.0,OK,2026-10-01 15:30:00+00:00,2026-10-01 21:00:00+05:30,2026-10-01,21,77.0,OK,False,mild,Mumbai,M2,2026-02-20,223,24.18,0.8999999999999986,114.0
B2,1790870400,26.2,66.0,OK,2026-10-01 16:00:00+00:00,2026-10-01 21:30:00+05:30,2026-10-01,21,79.2,OK,False,warm,Mumbai,M2,2026-02-20,223,24.35,1.1999999999999993,90.0
B2,1790872200,23.0,64.0,OK,2026-10-01 16:30:00+00:00,2026-10-01 22:00:00+05:30,2026-10-01,22,73.4,OK,False,mild,Mumbai,M2,2026-02-20,223,24.23,-3.1999999999999993,162.0
B2,1790874000,23.0,44.0,OK,2026-10-01 17:00:00+00:00,2026-10-01 22:30:00+05:30,2026-10-01,22,73.4,OK,False,mild,Mumbai,M2,2026-02-20,223,24.03,0.0,163.0
B2,1790875800,23.1,50.0,OK,2026-10-01 17:30:00+00:00,2026-10-01 23:00:00+05:30,2026-10-01,23,73.6,OK,False,mild,Mumbai,M2,2026-02-20,223,24.07,0.10000000000000142,160.0
B2,1790877600,24.9,62.0,OK,2026-10-01 18:00:00+00:00,2026-10-01 23:30:00+05:30,2026-10-01,23,76.8,OK,False,mild,Mumbai,M2,2026-02-20,223,24.2,1.7999999999999972,120.0
B2,1790879400,24.3,37.0,OK,2026-10-01 18:30:00+00:00,2026-10-02 00:00:00+05:30,2026-10-02,0,75.7,OK,False,mild,Mumbai,M2,2026-02-20,223,24.08,-0.5999999999999979,136.0
B2,1790881200,23.0,54.0,OK,2026-10-01 19:00:00+00:00,2026-10-02 00:30:00+05:30,2026-10-02,0,73.4,OK,False,mild,Mumbai,M2,2026-02-20,223,23.55,-1.3000000000000007,164.0
B2,1790883000,23.5,64.0,OK,2026-10-01 19:30:00+00:00,2026-10-02 01:00:00+05:30,2026-10-02,1,74.3,OK,False,mild,Mumbai,M2,2026-02-20,223,23.63,0.5,153.0
B2,1790884800,22.6,61.0,OK,2026-10-01 20:00:00+00:00,2026-10-02 01:30:00+05:30,2026-10-02,1,72.7,OK,False,mild,Mumbai,M2,2026-02-20,223,23.57,-0.8999999999999986,177.0
B2,1790886600,24.5,41.0,OK,2026-10-01 20:30:00+00:00,2026-10-02 02:00:00+05:30,2026-10-02,2,76.1,OK,False,mild,Mumbai,M2,2026-02-20,223,23.8,1.8999999999999986,130.0
B2,1790888400,23.9,34.0,OK,2026-10-01 21:00:00+00:00,2026-10-02 02:30:00+05:30,2026-10-02,2,75.0,OK,False,mild,Mumbai,M2,2026-02-20,223,23.63,-0.6000000000000014,143.0
B2,1790890200,23.5,33.0,OK,2026-10-01 21:30:00+00:00,2026-10-02 03:00:00+05:30,2026-10-02,3,74.3,OK,False,mild,Mumbai,M2,2026-02-20,223,23.5,-0.3999999999999986,154.0
B2,1790892000,21.9,58.0,OK,2026-10-01 22:00:00+00:00,2026-10-02 03:30:00+05:30,2026-10-02,3,71.4,OK,False,mild,Mumbai,M2,2026-02-20,223,23.32,-1.6000000000000014,182.0
B2,1790893800,21.9,53.0,OK,2026-10-01 22:30:00+00:00,2026-10-02 04:00:00+05:30,2026-10-02,4,71.4,OK,False,mild,Mumbai,M2,2026-02-20,223,23.05,0.0,183.0
B2,1790895600,25.4,34.0,OK,2026-10-01 23:00:00+00:00,2026-10-02 04:30:00+05:30,2026-10-02,4,77.7,OK,False,warm,Mumbai,M2,2026-02-20,223,23.52,3.5,106.0
B2,1790897400,26.9,50.0,OK,2026-10-01 23:30:00+00:00,2026-10-02 05:00:00+05:30,2026-10-02,5,80.4,OK,False,warm,Mumbai,M2,2026-02-20,223,23.92,1.5,74.0
B2,1790899200,25.5,44.0,OK,2026-10-02 00:00:00+00:00,2026-10-02 05:30:00+05:30,2026-10-02,5,77.9,OK,False,warm,Mumbai,M2,2026-02-20,224,24.18,-1.3999999999999986,103.0
B2,1790901000,26.2,67.0,OK,2026-10-02 00:30:00+00:00,2026-10-02 06:00:00+05:30,2026-10-02,6,79.2,OK,False,warm,Mumbai,M2,2026-02-20,224,24.63,0.6999999999999993,91.0
B2,1790902800,28.2,65.0,OK,2026-10-02 01:00:00+00:00,2026-10-02 06:30:00+05:30,2026-10-02,6,82.8,OK,False,warm,Mumbai,M2,2026-02-20,224,25.68,2.0,50.0
B2,1790904600,28.6,54.0,OK,2026-10-02 01:30:00+00:00,2026-10-02 07:00:00+05:30,2026-10-02,7,83.5,OK,False,warm,Mumbai,M2,2026-02-20,224,26.8,0.40000000000000213,34.0
B2,1790906400,26.7,34.0,OK,2026-10-02 02:00:00+00:00,2026-10-02 07:30:00+05:30,2026-10-02,7,80.1,OK,False,warm,Mumbai,M2,2026-02-20,224,27.02,-1.9000000000000021,82.0
B2,1790908200,29.3,38.0,OK,2026-10-02 02:30:00+00:00,2026-10-02 08:00:00+05:30,2026-10-02,8,84.7,OK,False,warm,Mumbai,M2,2026-02-20,224,27.42,2.6000000000000014,17.0
B2,1790910000,28.0,47.0,OK,2026-10-02 03:00:00+00:00,2026-10-02 08:30:00+05:30,2026-10-02,8,82.4,OK,False,warm,Mumbai,M2,2026-02-20,224,27.83,-1.3000000000000007,55.0
B2,1790911800,27.9,57.0,OK,2026-10-02 03:30:00+00:00,2026-10-02 09:00:00+05:30,2026-10-02,9,82.2,OK,False,warm,Mumbai,M2,2026-02-20,224,28.12,-0.10000000000000142,59.0
B2,1790913600,29.7,49.0,OK,2026-10-02 04:00:00+00:00,2026-10-02 09:30:00+05:30,2026-10-02,9,85.5,OK,False,warm,Mumbai,M2,2026-02-20,224,28.37,1.8000000000000007,10.0
B2,1790915400,28.3,69.0,OK,2026-10-02 04:30:00+00:00,2026-10-02 10:00:00+05:30,2026-10-02,10,82.9,OK,False,warm,Mumbai,M2,2026-02-20,224,28.32,-1.3999999999999986,44.0
B2,1790917200,29.4,45.0,OK,2026-10-02 05:00:00+00:00,2026-10-02 10:30:00+05:30,2026-10-02,10,84.9,OK,False,warm,Mumbai,M2,2026-02-20,224,28.77,1.0999999999999979,13.0
B2,1790919000,28.2,51.0,OK,2026-10-02 05:30:00+00:00,2026-10-02 11:00:00+05:30,2026-10-02,11,82.8,OK,False,warm,Mumbai,M2,2026-02-20,224,28.58,-1.1999999999999993,51.0
B2,1790920800,29.4,51.0,OK,2026-10-02 06:00:00+00:00,2026-10-02 11:30:00+05:30,2026-10-02,11,84.9,OK,False,warm,Mumbai,M2,2026-02-20,224,28.82,1.1999999999999993,14.0
B2,1790922600,28.3,40.0,OK,2026-10-02 06:30:00+00:00,2026-10-02 12:00:00+05:30,2026-10-02,12,82.9,OK,False,warm,Mumbai,M2,2026-02-20,224,28.88,-1.0999999999999979,45.0
B2,1790924400,28.3,59.0,OK,2026-10-02 07:00:00+00:00,2026-10-02 12:30:00+05:30,2026-10-02,12,82.9,OK,False,warm,Mumbai,M2,2026-02-20,224,28.65,0.0,46.0
B2,1790926200,28.8,51.0,OK,2026-10-02 07:30:00+00:00,2026-10-02 13:00:00+05:30,2026-10-02,13,83.8,OK,False,warm,Mumbai,M2,2026-02-20,224,28.73,0.5,29.0
B2,1790928000,27.9,64.0,OK,2026-10-02 08:00:00+00:00,2026-10-02 13:30:00+05:30,2026-10-02,13,82.2,OK,False,warm,Mumbai,M2,2026-02-20,224,28.48,-0.9000000000000021,60.0
B2,1790929800,29.7,56.0,OK,2026-10-02 08:30:00+00:00,2026-10-02 14:00:00+05:30,2026-10-02,14,85.5,OK,False,warm,Mumbai,M2,2026-02-20,224,28.73,1.8000000000000007,11.0
B2,1790931600,28.4,39.0,OK,2026-10-02 09:00:00+00:00,2026-10-02 14:30:00+05:30,2026-10-02,14,83.1,OK,False,warm,Mumbai,M2,2026-02-20,224,28.57,-1.3000000000000007,40.0
B2,1790933400,29.3,68.0,OK,2026-10-02 09:30:00+00:00,2026-10-02 15:00:00+05:30,2026-10-02,15,84.7,OK,False,warm,Mumbai,M2,2026-02-20,224,28.73,0.9000000000000021,18.0
B2,1790935200,28.2,56.0,OK,2026-10-02 10:00:00+00:00,2026-10-02 15:30:00+05:30,2026-10-02,15,82.8,OK,False,warm,Mumbai,M2,2026-02-20,224,28.72,-1.1000000000000014,52.0
B2,1790937000,26.2,64.0,OK,2026-10-02 10:30:00+00:00,2026-10-02 16:00:00+05:30,2026-10-02,16,79.2,OK,False,warm,Mumbai,M2,2026-02-20,224,28.28,-2.0,92.0
B2,1790938800,27.7,53.0,OK,2026-10-02 11:00:00+00:00,2026-10-02 16:30:00+05:30,2026-10-02,16,81.9,OK,False,warm,Mumbai,M2,2026-02-20,224,28.25,1.5,63.0
B2,1790940600,28.6,41.0,OK,2026-10-02 11:30:00+00:00,2026-10-02 17:00:00+05:30,2026-10-02,17,83.5,OK,False,warm,Mumbai,M2,2026-02-20,224,28.07,0.9000000000000021,35.0
B2,1790942400,28.0,52.0,OK,2026-10-02 12:00:00+00:00,2026-10-02 17:30:00+05:30,2026-10-02,17,82.4,OK,False,warm,Mumbai,M2,2026-02-20,224,28.0,-0.6000000000000014,56.0
B2,1790944200,24.4,54.0,OK,2026-10-02 12:30:00+00:00,2026-10-02 18:00:00+05:30,2026-10-02,18,75.9,OK,False,mild,Mumbai,M2,2026-02-20,224,27.18,-3.6000000000000014,132.0
B2,1790946000,26.0,40.0,OK,2026-10-02 13:00:00+00:00,2026-10-02 18:30:00+05:30,2026-10-02,18,78.8,OK,False,warm,Mumbai,M2,2026-02-20,224,26.82,1.6000000000000014,96.0
B2,1790947800,25.7,62.0,OK,2026-10-02 13:30:00+00:00,2026-10-02 19:00:00+05:30,2026-10-02,19,78.3,OK,False,warm,Mumbai,M2,2026-02-20,224,26.73,-0.3000000000000007,101.0
B2,1790949600,24.4,67.0,OK,2026-10-02 14:00:00+00:00,2026-10-02 19:30:00+05:30,2026-10-02,19,75.9,OK,False,mild,Mumbai,M2,2026-02-20,224,26.18,-1.3000000000000007,133.0
B2,1790951400,25.0,44.0,OK,2026-10-02 14:30:00+00:00,2026-10-02 20:00:00+05:30,2026-10-02,20,77.0,OK,False,mild,Mumbai,M2,2026-02-20,224,25.58,0.6000000000000014,115.0
B2,1790953200,23.8,46.0,OK,2026-10-02 15:00:00+00:00,2026-10-02 20:30:00+05:30,2026-10-02,20,74.8,OK,False,mild,Mumbai,M2,2026-02-20,224,24.88,-1.1999999999999993,145.0
B2,1790955000,20.9,54.0,OK,2026-10-02 15:30:00+00:00,2026-10-02 21:00:00+05:30,2026-10-02,21,69.6,OK,False,mild,Mumbai,M2,2026-02-20,224,24.3,-2.900000000000002,192.0
B2,1790956800,24.2,32.0,OK,2026-10-02 16:00:00+00:00,2026-10-02 21:30:00+05:30,2026-10-02,21,75.6,OK,False,mild,Mumbai,M2,2026-02-20,224,24.0,3.3000000000000007,139.0
B2,1790958600,24.4,68.0,OK,2026-10-02 16:30:00+00:00,2026-10-02 22:00:00+05:30,2026-10-02,22,75.9,OK,False,mild,Mumbai,M2,2026-02-20,224,23.78,0.1999999999999993,134.0
B2,1790960400,22.8,55.0,OK,2026-10-02 17:00:00+00:00,2026-10-02 22:30:00+05:30,2026-10-02,22,73.0,OK,False,mild,Mumbai,M2,2026-02-20,224,23.52,-1.5999999999999979,171.0
B2,1790962200,23.5,62.0,OK,2026-10-02 17:30:00+00:00,2026-10-02 23:00:00+05:30,2026-10-02,23,74.3,OK,False,mild,Mumbai,M2,2026-02-20,224,23.27,0.6999999999999993,155.0
B2,1790964000,21.9,47.0,OK,2026-10-02 18:00:00+00:00,2026-10-02 23:30:00+05:30,2026-10-02,23,71.4,OK,False,mild,Mumbai,M2,2026-02-20,224,22.95,-1.6000000000000014,184.0
B2,1790965800,21.1,38.0,OK,2026-10-02 18:30:00+00:00,2026-10-03 00:00:00+05:30,2026-10-03,0,70.0,OK,False,mild,Mumbai,M2,2026-02-20,224,22.98,-0.7999999999999972,191.0
B2,1790967600,23.1,32.0,OK,2026-10-02 19:00:00+00:00,2026-10-03 00:30:00+05:30,2026-10-03,0,73.6,OK,False,mild,Mumbai,M2,2026-02-20,224,22.8,2.0,161.0
B2,1790969400,23.0,54.0,OK,2026-10-02 19:30:00+00:00,2026-10-03 01:00:00+05:30,2026-10-03,1,73.4,OK,False,mild,Mumbai,M2,2026-02-20,224,22.57,-0.10000000000000142,165.0
B2,1790971200,24.6,31.0,OK,2026-10-02 20:00:00+00:00,2026-10-03 01:30:00+05:30,2026-10-03,1,76.3,OK,False,mild,Mumbai,M2,2026-02-20,224,22.87,1.6000000000000014,126.0
B2,1790973000,24.6,50.0,OK,2026-10-02 20:30:00+00:00,2026-10-03 02:00:00+05:30,2026-10-03,2,76.3,OK,False,mild,Mumbai,M2,2026-02-20,224,23.05,0.0,127.0
B2,1790974800,23.9,43.0,OK,2026-10-02 21:00:00+00:00,2026-10-03 02:30:00+05:30,2026-10-03,2,75.0,OK,False,mild,Mumbai,M2,2026-02-20,224,23.38,-0.7000000000000028,144.0
B2,1790976600,24.9,35.0,OK,2026-10-02 21:30:00+00:00,2026-10-03 03:00:00+05:30,2026-10-03,3,76.8,OK,False,mild,Mumbai,M2,2026-02-20,224,24.02,1.0,121.0
B2,1790978400,25.8,59.0,OK,2026-10-02 22:00:00+00:00,2026-10-03 03:30:00+05:30,2026-10-03,3,78.4,OK,False,warm,Mumbai,M2,2026-02-20,224,24.47,0.9000000000000021,99.0
B2,1790980200,24.6,35.0,OK,2026-10-02 22:30:00+00:00,2026-10-03 04:00:00+05:30,2026-10-03,4,76.3,OK,False,mild,Mumbai,M2,2026-02-20,224,24.73,-1.1999999999999993,128.0
B2,1790982000,25.0,59.0,OK,2026-10-02 23:00:00+00:00,2026-10-03 04:30:00+05:30,2026-10-03,4,77.0,OK,False,mild,Mumbai,M2,2026-02-20,224,24.8,0.3999999999999986,116.0
B2,1790983800,24.5,35.0,OK,2026-10-02 23:30:00+00:00,2026-10-03 05:00:00+05:30,2026-10-03,5,76.1,OK,False,mild,Mumbai,M2,2026-02-20,224,24.78,-0.5,131.0
B2,1790985600,27.2,40.0,OK,2026-10-03 00:00:00+00:00,2026-10-03 05:30:00+05:30,2026-10-03,5,81.0,OK,False,warm,Mumbai,M2,2026-02-20,225,25.33,2.6999999999999993,72.0
B2,1790987400,26.9,46.0,OK,2026-10-03 00:30:00+00:00,2026-10-03 06:00:00+05:30,2026-10-03,6,80.4,OK,False,warm,Mumbai,M2,2026-02-20,225,25.67,-0.3000000000000007,75.0
B2,1790989200,25.8,68.0,OK,2026-10-03 01:00:00+00:00,2026-10-03 06:30:00+05:30,2026-10-03,6,78.4,OK,False,warm,Mumbai,M2,2026-02-20,225,25.67,-1.0999999999999979,100.0
B2,1790991000,27.6,56.0,OK,2026-10-03 01:30:00+00:00,2026-10-03 07:00:00+05:30,2026-10-03,7,81.7,OK,False,warm,Mumbai,M2,2026-02-20,225,26.17,1.8000000000000007,66.0
B2,1790992800,27.0,67.0,OK,2026-10-03 02:00:00+00:00,2026-10-03 07:30:00+05:30,2026-10-03,7,80.6,OK,False,warm,Mumbai,M2,2026-02-20,225,26.5,-0.6000000000000014,73.0
B2,1790994600,28.3,48.0,OK,2026-10-03 02:30:00+00:00,2026-10-03 08:00:00+05:30,2026-10-03,8,82.9,OK,False,warm,Mumbai,M2,2026-02-20,225,27.13,1.3000000000000007,47.0
B2,1790996400,30.3,47.0,WARN,2026-10-03 03:00:00+00:00,2026-10-03 08:30:00+05:30,2026-10-03,8,86.5,WARN,False,hot,Mumbai,M2,2026-02-20,225,27.65,2.0,4.0
B2,1790998200,27.6,58.0,OK,2026-10-03 03:30:00+00:00,2026-10-03 09:00:00+05:30,2026-10-03,9,81.7,OK,False,warm,Mumbai,M2,2026-02-20,225,27.77,-2.6999999999999993,67.0
B2,1791000000,28.1,51.0,OK,2026-10-03 04:00:00+00:00,2026-10-03 09:30:00+05:30,2026-10-03,9,82.6,OK,False,warm,Mumbai,M2,2026-02-20,225,28.15,0.5,53.0
B2,1791001800,28.8,45.0,OK,2026-10-03 04:30:00+00:00,2026-10-03 10:00:00+05:30,2026-10-03,10,83.8,OK,False,warm,Mumbai,M2,2026-02-20,225,28.35,0.6999999999999993,30.0
B2,1791003600,29.0,54.0,OK,2026-10-03 05:00:00+00:00,2026-10-03 10:30:00+05:30,2026-10-03,10,84.2,OK,False,warm,Mumbai,M2,2026-02-20,225,28.68,0.1999999999999993,25.0
B2,1791005400,26.8,56.0,OK,2026-10-03 05:30:00+00:00,2026-10-03 11:00:00+05:30,2026-10-03,11,80.2,OK,False,warm,Mumbai,M2,2026-02-20,225,28.43,-2.1999999999999993,78.0
B2,1791007200,28.7,30.0,OK,2026-10-03 06:00:00+00:00,2026-10-03 11:30:00+05:30,2026-10-03,11,83.7,OK,False,warm,Mumbai,M2,2026-02-20,225,28.17,1.8999999999999986,32.0
B2,1791009000,29.4,69.0,OK,2026-10-03 06:30:00+00:00,2026-10-03 12:00:00+05:30,2026-10-03,12,84.9,OK,False,warm,Mumbai,M2,2026-02-20,225,28.47,0.6999999999999993,15.0
B2,1791010800,28.0,46.0,OK,2026-10-03 07:00:00+00:00,2026-10-03 12:30:00+05:30,2026-10-03,12,82.4,OK,False,warm,Mumbai,M2,2026-02-20,225,28.45,-1.3999999999999986,57.0
B2,1791012600,28.5,68.0,OK,2026-10-03 07:30:00+00:00,2026-10-03 13:00:00+05:30,2026-10-03,13,83.3,OK,False,warm,Mumbai,M2,2026-02-20,225,28.4,0.5,36.0
B2,1791014400,28.9,42.0,OK,2026-10-03 08:00:00+00:00,2026-10-03 13:30:00+05:30,2026-10-03,13,84.0,OK,False,warm,Mumbai,M2,2026-02-20,225,28.38,0.3999999999999986,28.0
B2,1791016200,26.3,38.0,OK,2026-10-03 08:30:00+00:00,2026-10-03 14:00:00+05:30,2026-10-03,14,79.3,OK,False,warm,Mumbai,M2,2026-02-20,225,28.3,-2.599999999999998,88.0
B2,1791018000,26.8,51.0,OK,2026-10-03 09:00:00+00:00,2026-10-03 14:30:00+05:30,2026-10-03,14,80.2,OK,False,warm,Mumbai,M2,2026-02-20,225,27.98,0.5,79.0
B2,1791019800,26.7,53.0,OK,2026-10-03 09:30:00+00:00,2026-10-03 15:00:00+05:30,2026-10-03,15,80.1,OK,False,warm,Mumbai,M2,2026-02-20,225,27.53,-0.10000000000000142,83.0
B2,1791021600,29.4,62.0,OK,2026-10-03 10:00:00+00:00,2026-10-03 15:30:00+05:30,2026-10-03,15,84.9,OK,False,warm,Mumbai,M2,2026-02-20,225,27.77,2.6999999999999993,16.0
B2,1791023400,27.9,62.0,OK,2026-10-03 10:30:00+00:00,2026-10-03 16:00:00+05:30,2026-10-03,16,82.2,OK,False,warm,Mumbai,M2,2026-02-20,225,27.67,-1.5,61.0
B2,1791025200,25.1,48.0,OK,2026-10-03 11:00:00+00:00,2026-10-03 16:30:00+05:30,2026-10-03,16,77.2,OK,False,warm,Mumbai,M2,2026-02-20,225,27.03,-2.799999999999997,112.0
B2,1791027000,26.0,35.0,OK,2026-10-03 11:30:00+00:00,2026-10-03 17:00:00+05:30,2026-10-03,17,78.8,OK,False,warm,Mumbai,M2,2026-02-20,225,26.98,0.8999999999999986,97.0
B2,1791028800,25.9,42.0,OK,2026-10-03 12:00:00+00:00,2026-10-03 17:30:00+05:30,2026-10-03,17,78.6,OK,False,warm,Mumbai,M2,2026-02-20,225,26.83,-0.10000000000000142,98.0
B2,1791030600,27.7,47.0,OK,2026-10-03 12:30:00+00:00,2026-10-03 18:00:00+05:30,2026-10-03,18,81.9,OK,False,warm,Mumbai,M2,2026-02-20,225,27.0,1.8000000000000007,64.0
B2,1791032400,25.5,62.0,OK,2026-10-03 13:00:00+00:00,2026-10-03 18:30:00+05:30,2026-10-03,18,77.9,OK,False,warm,Mumbai,M2,2026-02-20,225,26.35,-2.1999999999999993,104.0
B2,1791034200,23.7,50.0,OK,2026-10-03 13:30:00+00:00,2026-10-03 19:00:00+05:30,2026-10-03,19,74.7,OK,False,mild,Mumbai,M2,2026-02-20,225,25.65,-1.8000000000000007,151.0
B2,1791036000,25.2,38.0,OK,2026-10-03 14:00:00+00:00,2026-10-03 19:30:00+05:30,2026-10-03,19,77.4,OK,False,warm,Mumbai,M2,2026-02-20,225,25.67,1.5,109.0
B2,1791037800,25.2,60.0,OK,2026-10-03 14:30:00+00:00,2026-10-03 20:00:00+05:30,2026-10-03,20,77.4,OK,False,warm,Mumbai,M2,2026-02-20,225,25.53,0.0,110.0
B2,1791039600,23.8,62.0,OK,2026-10-03 15:00:00+00:00,2026-10-03 20:30:00+05:30,2026-10-03,20,74.8,OK,False,mild,Mumbai,M2,2026-02-20,225,25.18,-1.3999999999999986,146.0
B2,1791041400,21.2,69.0,OK,2026-10-03 15:30:00+00:00,2026-10-03 21:00:00+05:30,2026-10-03,21,70.2,OK,False,mild,Mumbai,M2,2026-02-20,225,24.1,-2.6000000000000014,190.0
B2,1791043200,23.0,62.0,OK,2026-10-03 16:00:00+00:00,2026-10-03 21:30:00+05:30,2026-10-03,21,73.4,OK,False,mild,Mumbai,M2,2026-02-20,225,23.68,1.8000000000000007,166.0
B2,1791045000,22.8,46.0,OK,2026-10-03 16:30:00+00:00,2026-10-03 22:00:00+05:30,2026-10-03,22,73.0,OK,False,mild,Mumbai,M2,2026-02-20,225,23.53,-0.1999999999999993,172.0
B2,1791046800,22.2,63.0,OK,2026-10-03 17:00:00+00:00,2026-10-03 22:30:00+05:30,2026-10-03,22,72.0,OK,False,mild,Mumbai,M2,2026-02-20,225,23.03,-0.6000000000000014,181.0
B2,1791048600,21.4,55.0,OK,2026-10-03 17:30:00+00:00,2026-10-03 23:00:00+05:30,2026-10-03,23,70.5,OK,False,mild,Mumbai,M2,2026-02-20,225,22.4,-0.8000000000000007,188.0
B2,1791050400,21.4,45.0,OK,2026-10-03 18:00:00+00:00,2026-10-03 23:30:00+05:30,2026-10-03,23,70.5,OK,False,mild,Mumbai,M2,2026-02-20,225,22.0,0.0,189.0
B2,1791052200,24.4,64.0,OK,2026-10-03 18:30:00+00:00,2026-10-04 00:00:00+05:30,2026-10-04,0,75.9,OK,False,mild,Mumbai,M2,2026-02-20,225,22.53,3.0,135.0
B2,1791054000,21.8,67.0,OK,2026-10-03 19:00:00+00:00,2026-10-04 00:30:00+05:30,2026-10-04,0,71.2,OK,False,mild,Mumbai,M2,2026-02-20,225,22.33,-2.599999999999998,185.0
B2,1791055800,22.7,41.0,OK,2026-10-03 19:30:00+00:00,2026-10-04 01:00:00+05:30,2026-10-04,1,72.9,OK,False,mild,Mumbai,M2,2026-02-20,225,22.32,0.8999999999999986,175.0
B2,1791057600,24.6,61.0,OK,2026-10-03 20:00:00+00:00,2026-10-04 01:30:00+05:30,2026-10-04,1,76.3,OK,False,mild,Mumbai,M2,2026-02-20,225,22.72,1.9000000000000021,129.0
B2,1791059400,22.8,57.0,OK,2026-10-03 20:30:00+00:00,2026-10-04 02:00:00+05:30,2026-10-04,2,73.0,OK,False,mild,Mumbai,M2,2026-02-20,225,22.95,-1.8000000000000007,173.0
B2,1791061200,24.9,66.0,OK,2026-10-03 21:00:00+00:00,2026-10-04 02:30:00+05:30,2026-10-04,2,76.8,OK,False,mild,Mumbai,M2,2026-02-20,225,23.53,2.099999999999998,122.0
B2,1791063000,23.7,67.0,OK,2026-10-03 21:30:00+00:00,2026-10-04 03:00:00+05:30,2026-10-04,3,74.7,OK,False,mild,Mumbai,M2,2026-02-20,225,23.42,-1.1999999999999993,152.0
B2,1791064800,23.2,46.0,OK,2026-10-03 22:00:00+00:00,2026-10-04 03:30:00+05:30,2026-10-04,3,73.8,OK,False,mild,Mumbai,M2,2026-02-20,225,23.65,-0.5,158.0
B2,1791066600,24.0,54.0,OK,2026-10-03 22:30:00+00:00,2026-10-04 04:00:00+05:30,2026-10-04,4,75.2,OK,False,mild,Mumbai,M2,2026-02-20,225,23.87,0.8000000000000007,141.0
B2,1791068400,22.5,42.0,OK,2026-10-03 23:00:00+00:00,2026-10-04 04:30:00+05:30,2026-10-04,4,72.5,OK,False,mild,Mumbai,M2,2026-02-20,225,23.52,-1.5,178.0
B2,1791070200,24.9,31.0,OK,2026-10-03 23:30:00+00:00,2026-10-04 05:00:00+05:30,2026-10-04,5,76.8,OK,False,mild,Mumbai,M2,2026-02-20,225,23.87,2.3999999999999986,123.0
B2,1791072000,26.6,51.0,OK,2026-10-04 00:00:00+00:00,2026-10-04 05:30:00+05:30,2026-10-04,5,79.9,OK,False,warm,Mumbai,M2,2026-02-20,226,24.15,1.7000000000000028,84.0
B2,1791073800,27.8,44.0,OK,2026-10-04 00:30:00+00:00,2026-10-04 06:00:00+05:30,2026-10-04,6,82.0,OK,False,warm,Mumbai,M2,2026-02-20,226,24.83,1.1999999999999993,62.0
B2,1791075600,25.4,37.0,OK,2026-10-04 01:00:00+00:00,2026-10-04 06:30:00+05:30,2026-10-04,6,77.7,OK,False,warm,Mumbai,M2,2026-02-20,226,25.2,-2.400000000000002,107.0
B2,1791077400,28.5,62.0,OK,2026-10-04 01:30:00+00:00,2026-10-04 07:00:00+05:30,2026-10-04,7,83.3,OK,False,warm,Mumbai,M2,2026-02-20,226,25.95,3.1000000000000014,37.0
B2,1791079200,26.6,57.0,OK,2026-10-04 02:00:00+00:00,2026-10-04 07:30:00+05:30,2026-10-04,7,79.9,OK,False,warm,Mumbai,M2,2026-02-20,226,26.63,-1.8999999999999986,85.0
B2,1791081000,27.7,52.0,OK,2026-10-04 02:30:00+00:00,2026-10-04 08:00:00+05:30,2026-10-04,8,81.9,OK,False,warm,Mumbai,M2,2026-02-20,226,27.1,1.0999999999999979,65.0
B2,1791082800,26.2,51.0,OK,2026-10-04 03:00:00+00:00,2026-10-04 08:30:00+05:30,2026-10-04,8,79.2,OK,False,warm,Mumbai,M2,2026-02-20,226,27.03,-1.5,93.0
B2,1791084600,25.5,68.0,OK,2026-10-04 03:30:00+00:00,2026-10-04 09:00:00+05:30,2026-10-04,9,77.9,OK,False,warm,Mumbai,M2,2026-02-20,226,26.65,-0.6999999999999993,105.0
B2,1791086400,27.3,59.0,OK,2026-10-04 04:00:00+00:00,2026-10-04 09:30:00+05:30,2026-10-04,9,81.1,OK,False,warm,Mumbai,M2,2026-02-20,226,26.97,1.8000000000000007,71.0
B2,1791088200,28.5,56.0,OK,2026-10-04 04:30:00+00:00,2026-10-04 10:00:00+05:30,2026-10-04,10,83.3,OK,False,warm,Mumbai,M2,2026-02-20,226,26.97,1.1999999999999993,38.0
B2,1791090000,29.1,62.0,OK,2026-10-04 05:00:00+00:00,2026-10-04 10:30:00+05:30,2026-10-04,10,84.4,OK,False,warm,Mumbai,M2,2026-02-20,226,27.38,0.6000000000000014,21.0
B2,1791091800,28.7,41.0,OK,2026-10-04 05:30:00+00:00,2026-10-04 11:00:00+05:30,2026-10-04,11,83.7,OK,False,warm,Mumbai,M2,2026-02-20,226,27.55,-0.40000000000000213,33.0
B2,1791093600,30.4,40.0,WARN,2026-10-04 06:00:00+00:00,2026-10-04 11:30:00+05:30,2026-10-04,11,86.7,WARN,False,hot,Mumbai,M2,2026-02-20,226,28.25,1.6999999999999993,3.0
B2,1791095400,29.0,34.0,OK,2026-10-04 06:30:00+00:00,2026-10-04 12:00:00+05:30,2026-10-04,12,84.2,OK,False,warm,Mumbai,M2,2026-02-20,226,28.83,-1.3999999999999986,26.0
B2,1791097200,28.0,38.0,OK,2026-10-04 07:00:00+00:00,2026-10-04 12:30:00+05:30,2026-10-04,12,82.4,OK,False,warm,Mumbai,M2,2026-02-20,226,28.95,-1.0,58.0
B2,1791099000,29.0,35.0,OK,2026-10-04 07:30:00+00:00,2026-10-04 13:00:00+05:30,2026-10-04,13,84.2,OK,False,warm,Mumbai,M2,2026-02-20,226,29.03,1.0,27.0
B2,1791100800,27.5,57.0,OK,2026-10-04 08:00:00+00:00,2026-10-04 13:30:00+05:30,2026-10-04,13,81.5,OK,False,warm,Mumbai,M2,2026-02-20,226,28.77,-1.5,68.0
B2,1791102600,29.3,51.0,OK,2026-10-04 08:30:00+00:00,2026-10-04 14:00:00+05:30,2026-10-04,14,84.7,OK,False,warm,Mumbai,M2,2026-02-20,226,28.87,1.8000000000000007,19.0
B2,1791104400,28.5,53.0,OK,2026-10-04 09:00:00+00:00,2026-10-04 14:30:00+05:30,2026-10-04,14,83.3,OK,False,warm,Mumbai,M2,2026-02-20,226,28.55,-0.8000000000000007,39.0
B2,1791106200,30.3,32.0,WARN,2026-10-04 09:30:00+00:00,2026-10-04 15:00:00+05:30,2026-10-04,15,86.5,WARN,False,hot,Mumbai,M2,2026-02-20,226,28.77,1.8000000000000007,5.0
B2,1791108000,30.3,31.0,WARN,2026-10-04 10:00:00+00:00,2026-10-04 15:30:00+05:30,2026-10-04,15,86.5,WARN,False,hot,Mumbai,M2,2026-02-20,226,29.15,0.0,6.0
B2,1791109800,27.5,48.0,OK,2026-10-04 10:30:00+00:00,2026-10-04 16:00:00+05:30,2026-10-04,16,81.5,OK,False,warm,Mumbai,M2,2026-02-20,226,28.9,-2.8000000000000007,69.0
B2,1791111600,29.8,41.0,OK,2026-10-04 11:00:00+00:00,2026-10-04 16:30:00+05:30,2026-10-04,16,85.6,OK,False,warm,Mumbai,M2,2026-02-20,226,29.28,2.3000000000000007,9.0
B2,1791113400,25.0,64.0,OK,2026-10-04 11:30:00+00:00,2026-10-04 17:00:00+05:30,2026-10-04,17,77.0,OK,False,mild,Mumbai,M2,2026-02-20,226,28.57,-4.800000000000001,117.0
B2,1791115200,26.3,59.0,OK,2026-10-04 12:00:00+00:00,2026-10-04 17:30:00+05:30,2026-10-04,17,79.3,OK,False,warm,Mumbai,M2,2026-02-20,226,28.2,1.3000000000000007,89.0
B2,1791117000,25.0,61.0,OK,2026-10-04 12:30:00+00:00,2026-10-04 18:00:00+05:30,2026-10-04,18,77.0,OK,False,mild,Mumbai,M2,2026-02-20,226,27.32,-1.3000000000000007,118.0
B2,1791118800,25.0,33.0,OK,2026-10-04 13:00:00+00:00,2026-10-04 18:30:00+05:30,2026-10-04,18,77.0,OK,False,mild,Mumbai,M2,2026-02-20,226,26.43,0.0,119.0
B2,1791120600,25.7,58.0,OK,2026-10-04 13:30:00+00:00,2026-10-04 19:00:00+05:30,2026-10-04,19,78.3,OK,False,warm,Mumbai,M2,2026-02-20,226,26.13,0.6999999999999993,102.0
B2,1791122400,24.0,65.0,OK,2026-10-04 14:00:00+00:00,2026-10-04 19:30:00+05:30,2026-10-04,19,75.2,OK,False,mild,Mumbai,M2,2026-02-20,226,25.17,-1.6999999999999993,142.0
B2,1791124200,22.7,42.0,OK,2026-10-04 14:30:00+00:00,2026-10-04 20:00:00+05:30,2026-10-04,20,72.9,OK,False,mild,Mumbai,M2,2026-02-20,226,24.78,-1.3000000000000007,176.0
B2,1791126000,23.8,38.0,OK,2026-10-04 15:00:00+00:00,2026-10-04 20:30:00+05:30,2026-10-04,20,74.8,OK,False,mild,Mumbai,M2,2026-02-20,226,24.37,1.1000000000000014,147.0
B2,1791127800,23.4,67.0,OK,2026-10-04 15:30:00+00:00,2026-10-04 21:00:00+05:30,2026-10-04,21,74.1,OK,False,mild,Mumbai,M2,2026-02-20,226,24.1,-0.40000000000000213,157.0
B2,1791129600,24.7,47.0,OK,2026-10-04 16:00:00+00:00,2026-10-04 21:30:00+05:30,2026-10-04,21,76.5,OK,False,mild,Mumbai,M2,2026-02-20,226,24.05,1.3000000000000007,124.0
B2,1791131400,23.8,44.0,OK,2026-10-04 16:30:00+00:00,2026-10-04 22:00:00+05:30,2026-10-04,22,74.8,OK,False,mild,Mumbai,M2,2026-02-20,226,23.73,-0.8999999999999986,148.0
B2,1791133200,23.5,45.0,OK,2026-10-04 17:00:00+00:00,2026-10-04 22:30:00+05:30,2026-10-04,22,74.3,OK,False,mild,Mumbai,M2,2026-02-20,226,23.65,-0.3000000000000007,156.0
B2,1791135000,22.9,50.0,OK,2026-10-04 17:30:00+00:00,2026-10-04 23:00:00+05:30,2026-10-04,23,73.2,OK,False,mild,Mumbai,M2,2026-02-20,226,23.68,-0.6000000000000014,169.0
B2,1791136800,22.9,60.0,OK,2026-10-04 18:00:00+00:00,2026-10-04 23:30:00+05:30,2026-10-04,23,73.2,OK,False,mild,Mumbai,M2,2026-02-20,226,23.53,0.0,170.0
B2,1791138600,21.7,41.0,OK,2026-10-04 18:30:00+00:00,2026-10-05 00:00:00+05:30,2026-10-05,0,71.1,OK,False,mild,Mumbai,M2,2026-02-20,226,23.25,-1.1999999999999993,187.0
B2,1791140400,24.7,46.0,OK,2026-10-04 19:00:00+00:00,2026-10-05 00:30:00+05:30,2026-10-05,0,76.5,OK,False,mild,Mumbai,M2,2026-02-20,226,23.25,3.0,125.0
B2,1791142200,22.3,65.0,OK,2026-10-04 19:30:00+00:00,2026-10-05 01:00:00+05:30,2026-10-05,1,72.1,OK,False,mild,Mumbai,M2,2026-02-20,226,23.0,-2.3999999999999986,180.0
B2,1791144000,22.8,37.0,OK,2026-10-04 20:00:00+00:00,2026-10-05 01:30:00+05:30,2026-10-05,1,73.0,OK,False,mild,Mumbai,M2,2026-02-20,226,22.88,0.5,174.0
B2,1791145800,23.8,47.0,OK,2026-10-04 20:30:00+00:00,2026-10-05 02:00:00+05:30,2026-10-05,2,74.8,OK,False,mild,Mumbai,M2,2026-02-20,226,23.03,1.0,149.0
B2,1791147600,23.0,45.0,OK,2026-10-04 21:00:00+00:00,2026-10-05 02:30:00+05:30,2026-10-05,2,73.4,OK,False,mild,Mumbai,M2,2026-02-20,226,23.05,-0.8000000000000007,167.0
B2,1791149400,23.2,53.0,OK,2026-10-04 21:30:00+00:00,2026-10-05 03:00:00+05:30,2026-10-05,3,73.8,OK,False,mild,Mumbai,M2,2026-02-20,226,23.3,0.1999999999999993,159.0
B2,1791151200,21.8,47.0,OK,2026-10-04 22:00:00+00:00,2026-10-05 03:30:00+05:30,2026-10-05,3,71.2,OK,False,mild,Mumbai,M2,2026-02-20,226,22.82,-1.3999999999999986,186.0
B2,1791153000,22.4,51.0,OK,2026-10-04 22:30:00+00:00,2026-10-05 04:00:00+05:30,2026-10-05,4,72.3,OK,False,mild,Mumbai,M2,2026-02-20,226,22.83,0.5999999999999979,179.0
B2,1791154800,25.2,36.0,OK,2026-10-04 23:00:00+00:00,2026-10-05 04:30:00+05:30,2026-10-05,4,77.4,OK,False,warm,Mumbai,M2,2026-02-20,226,23.23,2.8000000000000007,111.0
B2,1791156600,26.4,58.0,OK,2026-10-04 23:30:00+00:00,2026-10-05 05:00:00+05:30,2026-10-05,5,79.5,OK,False,warm,Mumbai,M2,2026-02-20,226,23.67,1.1999999999999993,86.0
